season,week,n_competitors,n_eliminated,actual_elims,pred_percent_elims,pred_rank_elims,percent_hit,rank_hit,methods_agree,percent_elim_fan_pct_mean,percent_elim_judge_pct_mean,percent_elim_delta_mean,percent_elim_high_fan_rate,rank_elim_fan_pct_mean,rank_elim_judge_pct_mean,rank_elim_delta_mean,rank_elim_high_fan_rate
1,2,6,1,Trista Sutter,Trista Sutter,Trista Sutter,1,1,1,0.16666666666666666,0.5,-0.33333333333333337,0.0,0.16666666666666666,0.5,-0.33333333333333337,0.0
1,3,5,1,Evander Holyfield,Evander Holyfield,Evander Holyfield,1,1,1,0.2,0.2,0.0,0.0,0.2,0.2,0.0,0.0
1,4,4,1,Rachel Hunter,Rachel Hunter,Joey McIntyre,1,0,0,0.25,0.75,-0.5,0.0,0.5,0.25,0.25,0.0
2,1,10,1,Kenny Mayne,Kenny Mayne,Kenny Mayne,1,1,1,0.1,0.2,-0.1,0.0,0.1,0.2,-0.1,0.0
2,2,9,1,Tatum O'Neal,Tatum O'Neal,Tatum O'Neal,1,1,1,0.1111111111111111,0.2222222222222222,-0.1111111111111111,0.0,0.1111111111111111,0.2222222222222222,-0.1111111111111111,0.0
2,3,8,1,Giselle Fernandez,Giselle Fernandez,Master P,1,0,0,0.125,0.4375,-0.3125,0.0,0.25,0.125,0.125,0.0
2,4,7,1,Master P,Master P,Master P,1,1,1,0.14285714285714285,0.14285714285714285,0.0,0.0,0.14285714285714285,0.14285714285714285,0.0,0.0
2,5,6,1,Tia Carrere,Tia Carrere,Tia Carrere,1,1,1,0.16666666666666666,0.16666666666666666,0.0,0.0,0.16666666666666666,0.16666666666666666,0.0,0.0
2,6,5,1,George Hamilton,George Hamilton,George Hamilton,1,1,1,0.2,0.3,-0.09999999999999998,0.0,0.2,0.3,-0.09999999999999998,0.0
2,7,4,1,Lisa Rinna,Lisa Rinna,Lisa Rinna,1,1,1,0.25,0.5,-0.25,0.0,0.25,0.5,-0.25,0.0
3,1,11,1,Tucker Carlson,Tucker Carlson,Tucker Carlson,1,1,1,0.09090909090909091,0.09090909090909091,0.0,0.0,0.09090909090909091,0.09090909090909091,0.0,0.0
3,2,10,1,Shanna Moakler,Shanna Moakler,Shanna Moakler,1,1,1,0.1,0.5,-0.4,0.0,0.1,0.5,-0.4,0.0
3,3,9,1,Harry Hamlin,Harry Hamlin,Emmitt Smith,1,0,0,0.1111111111111111,0.5,-0.3888888888888889,0.0,0.2222222222222222,0.1111111111111111,0.1111111111111111,0.0
3,4,8,1,Vivica A. Fox,Vivica A. Fox,Sara Evans,1,0,0,0.125,0.5,-0.375,0.0,0.25,0.125,0.125,0.0
3,5,7,1,Willa Ford,Willa Ford,Jerry Springer,1,0,0,0.14285714285714285,0.7857142857142857,-0.6428571428571428,0.0,0.5714285714285714,0.21428571428571427,0.3571428571428571,1.0
3,7,5,1,Jerry Springer,Jerry Springer,Jerry Springer,1,1,1,0.2,0.2,0.0,0.0,0.2,0.2,0.0,0.0
3,8,4,1,Monique Coleman,Monique Coleman,Monique Coleman,1,1,1,0.25,0.25,0.0,0.0,0.25,0.25,0.0,0.0
4,2,11,1,Paulina Porizkova,Paulina Porizkova,Shandi Finnessey,1,0,0,0.09090909090909091,0.4090909090909091,-0.31818181818181823,0.0,0.18181818181818182,0.18181818181818182,0.0,0.0
4,3,10,1,Shandi Finnessey,Shandi Finnessey,Clyde Drexler,1,0,0,0.1,0.4,-0.30000000000000004,0.0,0.2,0.1,0.1,0.0
4,4,9,1,Leeza Gibbons,Leeza Gibbons,Leeza Gibbons,1,1,1,0.1111111111111111,0.2777777777777778,-0.16666666666666669,0.0,0.1111111111111111,0.2777777777777778,-0.16666666666666669,0.0
4,5,8,1,Clyde Drexler,Clyde Drexler,Clyde Drexler,1,1,1,0.125,0.125,0.0,0.0,0.125,0.125,0.0,0.0
4,6,7,1,Heather Mills,Heather Mills,John Ratzenberger,1,0,0,0.14285714285714285,0.42857142857142855,-0.2857142857142857,0.0,0.2857142857142857,0.14285714285714285,0.14285714285714285,0.0
4,7,6,1,John Ratzenberger,John Ratzenberger,John Ratzenberger,1,1,1,0.16666666666666666,0.3333333333333333,-0.16666666666666666,0.0,0.16666666666666666,0.3333333333333333,-0.16666666666666666,0.0
4,8,5,1,Billy Ray Cyrus,Billy Ray Cyrus,Billy Ray Cyrus,1,1,1,0.2,0.2,0.0,0.0,0.2,0.2,0.0,0.0
4,9,4,1,Ian Ziering,Ian Ziering,Ian Ziering,1,1,1,0.25,0.25,0.0,0.0,0.25,0.25,0.0,0.0
5,1,12,1,Josie Maran,Josie Maran,Josie Maran,1,1,1,0.08333333333333333,0.08333333333333333,0.0,0.0,0.08333333333333333,0.08333333333333333,0.0,0.0
5,2,11,1,Albert Reed,Albert Reed,Wayne Newton,1,0,0,0.09090909090909091,0.45454545454545453,-0.36363636363636365,0.0,0.18181818181818182,0.09090909090909091,0.09090909090909091,0.0
5,3,10,1,Wayne Newton,Wayne Newton,Wayne Newton,1,1,1,0.1,0.1,0.0,0.0,0.1,0.1,0.0,0.0
5,4,9,1,Floyd Mayweather Jr.,Floyd Mayweather Jr.,Floyd Mayweather Jr.,1,1,1,0.1111111111111111,0.2222222222222222,-0.1111111111111111,0.0,0.1111111111111111,0.2222222222222222,-0.1111111111111111,0.0
5,5,8,1,Mark Cuban,Mark Cuban,Mark Cuban,1,1,1,0.125,0.1875,-0.0625,0.0,0.125,0.1875,-0.0625,0.0
5,6,7,1,Sabrina Bryan,Sabrina Bryan,Jane Seymour,1,0,0,0.14285714285714285,0.5,-0.35714285714285715,0.0,0.2857142857142857,0.14285714285714285,0.14285714285714285,0.0
5,7,6,1,Jane Seymour,Jane Seymour,Jane Seymour,1,1,1,0.16666666666666666,0.16666666666666666,0.0,0.0,0.16666666666666666,0.16666666666666666,0.0,0.0
5,8,5,1,Cameron Mathison,Cameron Mathison,Marie Osmond,1,0,0,0.2,0.6,-0.39999999999999997,0.0,0.4,0.2,0.2,0.0
5,9,4,1,Jennie Garth,Jennie Garth,Jennie Garth,1,1,1,0.25,0.5,-0.25,0.0,0.25,0.5,-0.25,0.0
6,2,12,2,Monica Seles; Penn Jillette,Monica Seles; Penn Jillette,Monica Seles; Penn Jillette,1,1,1,0.125,0.16666666666666666,-0.04166666666666667,0.0,0.125,0.16666666666666666,-0.04166666666666667,0.0
6,3,10,1,Steve Guttenberg,Steve Guttenberg,Steve Guttenberg,1,1,1,0.1,0.35,-0.24999999999999997,0.0,0.1,0.35,-0.24999999999999997,0.0
6,4,9,1,Adam Carolla,Adam Carolla,Adam Carolla,1,1,1,0.1111111111111111,0.1111111111111111,0.0,0.0,0.1111111111111111,0.1111111111111111,0.0,0.0
6,5,8,1,Priscilla Presley,Priscilla Presley,Priscilla Presley,1,1,1,0.125,0.125,0.0,0.0,0.125,0.125,0.0,0.0
6,6,7,1,Marlee Matlin,Marlee Matlin,Marlee Matlin,1,1,1,0.14285714285714285,0.14285714285714285,0.0,0.0,0.14285714285714285,0.14285714285714285,0.0,0.0
6,7,6,1,Shannon Elizabeth,Shannon Elizabeth,Shannon Elizabeth,1,1,1,0.16666666666666666,0.4166666666666667,-0.25,0.0,0.16666666666666666,0.4166666666666667,-0.25,0.0
6,8,5,1,Mario,Mario,Marissa Jaret Winokur,1,0,0,0.2,0.6,-0.39999999999999997,0.0,0.4,0.2,0.2,0.0
6,9,4,1,Marissa Jaret Winokur,Marissa Jaret Winokur,Marissa Jaret Winokur,1,1,1,0.25,0.25,0.0,0.0,0.25,0.25,0.0,0.0
7,1,13,2,Jeffrey Ross; Ted McGinley,Jeffrey Ross; Ted McGinley,Jeffrey Ross; Rocco DiSpirito,1,0,0,0.11538461538461539,0.23076923076923078,-0.11538461538461539,0.0,0.15384615384615385,0.15384615384615385,0.0,0.0
7,2,11,1,Kim Kardashian,Kim Kardashian,Kim Kardashian,1,1,1,0.09090909090909091,0.2727272727272727,-0.1818181818181818,0.0,0.09090909090909091,0.2727272727272727,-0.1818181818181818,0.0
7,4,9,1,Rocco DiSpirito,Rocco DiSpirito,Rocco DiSpirito,1,1,1,0.1111111111111111,0.1111111111111111,0.0,0.0,0.1111111111111111,0.1111111111111111,0.0,0.0
7,5,8,1,Toni Braxton,Toni Braxton,Cloris Leachman,1,0,0,0.125,0.4375,-0.3125,0.0,0.25,0.1875,0.0625,0.0
7,6,7,1,Cloris Leachman,Cloris Leachman,Cloris Leachman,1,1,1,0.14285714285714285,0.14285714285714285,0.0,0.0,0.14285714285714285,0.14285714285714285,0.0,0.0
7,7,6,1,Susan Lucci,Susan Lucci,Warren Sapp,1,0,0,0.16666666666666666,0.5,-0.33333333333333337,0.0,0.3333333333333333,0.16666666666666666,0.16666666666666666,0.0
7,8,5,1,Maurice Greene,Maurice Greene,Maurice Greene,1,1,1,0.2,0.3,-0.09999999999999998,0.0,0.2,0.3,-0.09999999999999998,0.0
7,9,4,1,Cody Linley,Cody Linley,Cody Linley,1,1,1,0.25,0.25,0.0,0.0,0.25,0.25,0.0,0.0
8,2,13,1,Belinda Carlisle,Belinda Carlisle,Steve-O,1,0,0,0.07692307692307693,0.34615384615384615,-0.2692307692307692,0.0,0.23076923076923078,0.07692307692307693,0.15384615384615385,0.0
8,3,12,1,Denise Richards,Steve Wozniak,Steve Wozniak,0,0,1,0.16666666666666666,0.08333333333333333,0.08333333333333333,0.0,0.16666666666666666,0.08333333333333333,0.08333333333333333,0.0
8,4,11,2,Holly Madison; Steve Wozniak,Steve Wozniak; Holly Madison,Steve Wozniak; Holly Madison,1,1,1,0.13636363636363635,0.18181818181818182,-0.04545454545454544,0.0,0.13636363636363635,0.18181818181818182,-0.04545454545454544,0.0
8,5,9,1,David Alan Grier,David Alan Grier,Steve-O,1,0,0,0.1111111111111111,0.4444444444444444,-0.3333333333333333,0.0,0.2222222222222222,0.1111111111111111,0.1111111111111111,0.0
8,6,8,1,Steve-O,Steve-O,Steve-O,1,1,1,0.125,0.125,0.0,0.0,0.125,0.125,0.0,0.0
8,7,7,1,Lawrence Taylor,Lawrence Taylor,Lawrence Taylor,1,1,1,0.14285714285714285,0.14285714285714285,0.0,0.0,0.14285714285714285,0.14285714285714285,0.0,0.0
8,8,6,1,Chuck Wicks,Chuck Wicks,Chuck Wicks,1,1,1,0.16666666666666666,0.3333333333333333,-0.16666666666666666,0.0,0.16666666666666666,0.3333333333333333,-0.16666666666666666,0.0
8,9,5,1,Lil' Kim,Lil' Kim,Lil' Kim,1,1,1,0.2,0.4,-0.2,0.0,0.2,0.4,-0.2,0.0
8,10,4,1,Ty Murray,Ty Murray,Ty Murray,1,1,1,0.25,0.25,0.0,0.0,0.25,0.25,0.0,0.0
9,1,16,2,Ashley Hamiliton; Macy Gray,Ashley Hamiliton; Macy Gray,Ashley Hamiliton; Macy Gray,1,1,1,0.09375,0.09375,0.0,0.0,0.09375,0.09375,0.0,0.0
9,2,14,1,Kathy Ireland,Kathy Ireland,Kathy Ireland,1,1,1,0.07142857142857142,0.10714285714285714,-0.03571428571428571,0.0,0.07142857142857142,0.10714285714285714,-0.03571428571428571,0.0
9,3,13,1,Debi Mazar,Debi Mazar,Michael Irvin,1,0,0,0.07692307692307693,0.2692307692307692,-0.1923076923076923,0.0,0.23076923076923078,0.07692307692307693,0.15384615384615385,0.0
9,4,11,1,Chuck Liddell,Chuck Liddell,Chuck Liddell,1,1,1,0.09090909090909091,0.2727272727272727,-0.1818181818181818,0.0,0.09090909090909091,0.2727272727272727,-0.1818181818181818,0.0
9,5,10,1,Natalie Coughlin,Natalie Coughlin,Michael Irvin,1,0,0,0.1,0.25,-0.15,0.0,0.2,0.1,0.1,0.0
9,6,9,2,Louie Vito; Melissa Joan Hart,Melissa Joan Hart; Louie Vito,Melissa Joan Hart; Michael Irvin,1,0,0,0.16666666666666666,0.2777777777777778,-0.1111111111111111,0.0,0.2222222222222222,0.16666666666666666,0.05555555555555555,0.0
9,7,7,2,Mark Dacascos; Michael Irvin,Mark Dacascos; Michael Irvin,Michael Irvin; Mark Dacascos,1,1,1,0.21428571428571427,0.21428571428571427,0.0,0.0,0.21428571428571427,0.21428571428571427,0.0,0.0
9,8,5,1,Aaron Carter,Aaron Carter,Aaron Carter,1,1,1,0.2,0.3,-0.09999999999999998,0.0,0.2,0.3,-0.09999999999999998,0.0
9,9,4,1,Joanna Krupa,Joanna Krupa,Joanna Krupa,1,1,1,0.25,0.75,-0.5,0.0,0.25,0.75,-0.5,0.0
10,2,11,1,Shannen Doherty,Buzz Aldrin,Buzz Aldrin,0,0,1,0.18181818181818182,0.09090909090909091,0.09090909090909091,0.0,0.18181818181818182,0.09090909090909091,0.09090909090909091,0.0
10,3,10,1,Buzz Aldrin,Buzz Aldrin,Buzz Aldrin,1,1,1,0.1,0.1,0.0,0.0,0.1,0.1,0.0,0.0
10,4,9,1,Aiden Turner,Aiden Turner,Aiden Turner,1,1,1,0.1111111111111111,0.2222222222222222,-0.1111111111111111,0.0,0.1111111111111111,0.2222222222222222,-0.1111111111111111,0.0
10,5,8,1,Kate Gosselin,Kate Gosselin,Kate Gosselin,1,1,1,0.125,0.125,0.0,0.0,0.125,0.125,0.0,0.0
10,6,7,1,Jake Pavelka,Jake Pavelka,Jake Pavelka,1,1,1,0.14285714285714285,0.14285714285714285,0.0,0.0,0.14285714285714285,0.14285714285714285,0.0,0.0
10,7,6,1,Pamela Anderson,Pamela Anderson,Niecy Nash,1,0,0,0.16666666666666666,0.4166666666666667,-0.25,0.0,0.3333333333333333,0.16666666666666666,0.16666666666666666,0.0
10,8,5,1,Niecy Nash,Niecy Nash,Niecy Nash,1,1,1,0.2,0.2,0.0,0.0,0.2,0.2,0.0,0.0
10,9,4,1,Chad Ochocinco,Chad Ochocinco,Chad Ochocinco,1,1,1,0.25,0.25,0.0,0.0,0.25,0.25,0.0,0.0
11,1,12,1,David Hasselhoff,David Hasselhoff,David Hasselhoff,1,1,1,0.08333333333333333,0.16666666666666666,-0.08333333333333333,0.0,0.08333333333333333,0.16666666666666666,-0.08333333333333333,0.0
11,2,11,1,Michael Bolton,Michael Bolton,Michael Bolton,1,1,1,0.09090909090909091,0.09090909090909091,0.0,0.0,0.09090909090909091,0.09090909090909091,0.0,0.0
11,3,10,1,Margaret Cho,Margaret Cho,Margaret Cho,1,1,1,0.1,0.1,0.0,0.0,0.1,0.1,0.0,0.0
11,4,9,1,The Situation,The Situation,The Situation,1,1,1,0.1111111111111111,0.1111111111111111,0.0,0.0,0.1111111111111111,0.1111111111111111,0.0,0.0
11,5,8,1,Florence Henderson,Florence Henderson,Bristol Palin,1,0,0,0.125,0.375,-0.25,0.0,0.25,0.125,0.125,0.0
11,6,7,1,Audrina Patridge,Audrina Patridge,Kurt Warner,1,0,0,0.14285714285714285,0.8571428571428571,-0.7142857142857142,0.0,0.2857142857142857,0.14285714285714285,0.14285714285714285,0.0
11,7,6,1,Rick Fox,Rick Fox,Bristol Palin,1,0,0,0.16666666666666666,0.5,-0.33333333333333337,0.0,0.3333333333333333,0.16666666666666666,0.16666666666666666,0.0
11,8,5,1,Kurt Warner,Kurt Warner,Kurt Warner,1,1,1,0.2,0.4,-0.2,0.0,0.2,0.4,-0.2,0.0
11,9,4,1,Brandy,Brandy,Brandy,1,1,1,0.25,0.5,-0.25,0.0,0.25,0.5,-0.25,0.0
12,2,11,1,Mike Catherwood,Mike Catherwood,Mike Catherwood,1,1,1,0.09090909090909091,0.18181818181818182,-0.09090909090909091,0.0,0.09090909090909091,0.18181818181818182,-0.09090909090909091,0.0
12,3,10,1,Wendy Williams,Wendy Williams,Wendy Williams,1,1,1,0.1,0.1,0.0,0.0,0.1,0.1,0.0,0.0
12,4,9,1,Sugar Ray Leonard,Sugar Ray Leonard,Sugar Ray Leonard,1,1,1,0.1111111111111111,0.2222222222222222,-0.1111111111111111,0.0,0.1111111111111111,0.2222222222222222,-0.1111111111111111,0.0
12,5,8,1,Petra Nemcova,Petra Nemcova,Petra Nemcova,1,1,1,0.125,0.25,-0.125,0.0,0.125,0.25,-0.125,0.0
12,6,7,1,Chris Jericho,Chris Jericho,Chris Jericho,1,1,1,0.14285714285714285,0.14285714285714285,0.0,0.0,0.14285714285714285,0.14285714285714285,0.0,0.0
12,7,6,1,Kendra Wilkinson,Kendra Wilkinson,Kendra Wilkinson,1,1,1,0.16666666666666666,0.5,-0.33333333333333337,0.0,0.16666666666666666,0.5,-0.33333333333333337,0.0
12,8,5,1,Romeo,Romeo,Romeo,1,1,1,0.2,0.4,-0.2,0.0,0.2,0.4,-0.2,0.0
12,9,4,1,Ralph Macchio,Ralph Macchio,Ralph Macchio,1,1,1,0.25,0.25,0.0,0.0,0.25,0.25,0.0,0.0
13,1,12,1,Metta World Peace (Ron),Metta World Peace (Ron),Metta World Peace (Ron),1,1,1,0.08333333333333333,0.08333333333333333,0.0,0.0,0.08333333333333333,0.08333333333333333,0.0,0.0
13,2,11,1,Elisabetta Canalis,Elisabetta Canalis,Hope Solo,1,0,0,0.09090909090909091,0.5909090909090909,-0.5,0.0,0.18181818181818182,0.36363636363636365,-0.18181818181818182,0.0
13,3,10,1,Kristin Cavallari,Chaz Bono,Chaz Bono,0,0,1,0.2,0.1,0.1,0.0,0.2,0.1,0.1,0.0
13,4,9,1,Chynna Phillips,Chynna Phillips,Carson Kressley,1,0,0,0.1111111111111111,0.3333333333333333,-0.2222222222222222,0.0,0.2222222222222222,0.1111111111111111,0.1111111111111111,0.0
13,5,8,1,Carson Kressley,Carson Kressley,Carson Kressley,1,1,1,0.125,0.125,0.0,0.0,0.125,0.125,0.0,0.0
13,6,7,1,Chaz Bono,Chaz Bono,Chaz Bono,1,1,1,0.14285714285714285,0.14285714285714285,0.0,0.0,0.14285714285714285,0.14285714285714285,0.0,0.0
13,7,6,1,David Arquette,David Arquette,David Arquette,1,1,1,0.16666666666666666,0.3333333333333333,-0.16666666666666666,0.0,0.16666666666666666,0.3333333333333333,-0.16666666666666666,0.0
13,8,5,1,Nancy Grace,Nancy Grace,Nancy Grace,1,1,1,0.2,0.2,0.0,0.0,0.2,0.2,0.0,0.0
13,9,4,1,Hope Solo,Hope Solo,Hope Solo,1,1,1,0.25,0.25,0.0,0.0,0.25,0.25,0.0,0.0
14,2,12,1,Martina Navratilova,Martina Navratilova,Martina Navratilova,1,1,1,0.08333333333333333,0.08333333333333333,0.0,0.0,0.08333333333333333,0.08333333333333333,0.0,0.0
14,3,11,1,Jack Wagner,Jack Wagner,Jack Wagner,1,1,1,0.09090909090909091,0.2727272727272727,-0.1818181818181818,0.0,0.09090909090909091,0.2727272727272727,-0.1818181818181818,0.0
14,4,10,1,Sherri Sheperd,Sherri Sheperd,Sherri Sheperd,1,1,1,0.1,0.2,-0.1,0.0,0.1,0.2,-0.1,0.0
14,5,9,1,Gavin DeGraw,Gavin DeGraw,Gavin DeGraw,1,1,1,0.1111111111111111,0.1111111111111111,0.0,0.0,0.1111111111111111,0.1111111111111111,0.0,0.0
14,6,8,1,Gladys Knight,Gladys Knight,Gladys Knight,1,1,1,0.125,0.125,0.0,0.0,0.125,0.125,0.0,0.0
14,7,7,1,Jaleel White,Jaleel White,Jaleel White,1,1,1,0.14285714285714285,0.2857142857142857,-0.14285714285714285,0.0,0.14285714285714285,0.2857142857142857,-0.14285714285714285,0.0
14,8,6,2,Melissa Gilbert; Roshon Fegan,Melissa Gilbert; Roshon Fegan,Melissa Gilbert; Maria Menounos,1,0,0,0.25,0.5,-0.25000000000000006,0.0,0.41666666666666663,0.25,0.16666666666666669,0.0
14,9,4,1,Maria Menounos,Maria Menounos,Donald Driver,1,0,0,0.25,1.0,-0.75,0.0,0.5,0.5,0.0,0.0
15,1,13,1,Pamela Anderson,Pamela Anderson,Pamela Anderson,1,1,1,0.07692307692307693,0.07692307692307693,0.0,0.0,0.07692307692307693,0.07692307692307693,0.0,0.0
15,2,12,1,Joey Fatone,Joey Fatone,Bristol Palin,1,0,0,0.08333333333333333,0.4166666666666667,-0.33333333333333337,0.0,0.16666666666666666,0.08333333333333333,0.08333333333333333,0.0
15,3,11,2,Drew Lachey; Helio Castroneves,Drew Lachey; Helio Castroneves,Drew Lachey; Bristol Palin,1,0,0,0.13636363636363635,0.4090909090909091,-0.2727272727272727,0.0,0.2727272727272727,0.1590909090909091,0.11363636363636363,0.0
15,4,9,1,Bristol Palin,Bristol Palin,Bristol Palin,1,1,1,0.1111111111111111,0.2222222222222222,-0.1111111111111111,0.0,0.1111111111111111,0.2222222222222222,-0.1111111111111111,0.0
15,6,8,1,Sabrina Bryan,Sabrina Bryan,Emmitt Smith,1,0,0,0.125,0.9375,-0.8125,0.0,0.5,0.125,0.375,0.0
15,8,7,2,Gilles Marini; Kirstie Alley,Kirstie Alley; Gilles Marini,Kirstie Alley; Gilles Marini,1,1,1,0.21428571428571427,0.4642857142857143,-0.25,0.0,0.21428571428571427,0.4642857142857143,-0.25,0.0
15,9,5,2,Apolo Anton Ohno; Emmitt Smith,Emmitt Smith; Apolo Anton Ohno,Emmitt Smith; Apolo Anton Ohno,1,1,1,0.30000000000000004,0.4,-0.09999999999999998,0.0,0.30000000000000004,0.4,-0.09999999999999998,0.0
16,3,11,1,Wynonna Judd,Wynonna Judd,Wynonna Judd,1,1,1,0.09090909090909091,0.09090909090909091,0.0,0.0,0.09090909090909091,0.09090909090909091,0.0,0.0
16,4,10,1,Lisa Vanderpump,Lisa Vanderpump,Lisa Vanderpump,1,1,1,0.1,0.15,-0.04999999999999999,0.0,0.1,0.15,-0.04999999999999999,0.0
16,5,9,1,D. L. Hughley,D. L. Hughley,D. L. Hughley,1,1,1,0.1111111111111111,0.16666666666666666,-0.05555555555555555,0.0,0.1111111111111111,0.16666666666666666,-0.05555555555555555,0.0
16,6,8,1,Victor Ortiz,Victor Ortiz,Victor Ortiz,1,1,1,0.125,0.125,0.0,0.0,0.125,0.125,0.0,0.0
16,7,7,1,Andy Dick,Andy Dick,Andy Dick,1,1,1,0.14285714285714285,0.14285714285714285,0.0,0.0,0.14285714285714285,0.14285714285714285,0.0,0.0
16,8,6,1,Sean Lowe,Sean Lowe,Sean Lowe,1,1,1,0.16666666666666666,0.16666666666666666,0.0,0.0,0.16666666666666666,0.16666666666666666,0.0,0.0
16,9,5,1,Ingo Rademacher,Ingo Rademacher,Ingo Rademacher,1,1,1,0.2,0.2,0.0,0.0,0.2,0.2,0.0,0.0
16,10,4,1,Alexandra Raisman,Alexandra Raisman,Alexandra Raisman,1,1,1,0.25,0.5,-0.25,0.0,0.25,0.5,-0.25,0.0
17,2,12,1,Keyshawn Johnson,Keyshawn Johnson,Keyshawn Johnson,1,1,1,0.08333333333333333,0.16666666666666666,-0.08333333333333333,0.0,0.08333333333333333,0.16666666666666666,-0.08333333333333333,0.0
17,3,11,1,Bill Nye,Bill Nye,Bill Nye,1,1,1,0.09090909090909091,0.13636363636363635,-0.04545454545454544,0.0,0.09090909090909091,0.13636363636363635,-0.04545454545454544,0.0
17,4,10,1,Valerie Harper,Valerie Harper,Valerie Harper,1,1,1,0.1,0.1,0.0,0.0,0.1,0.1,0.0,0.0
17,5,9,1,Christina Milian,Christina Milian,Leah Remini,1,0,0,0.1111111111111111,0.9444444444444444,-0.8333333333333333,0.0,0.2222222222222222,0.1111111111111111,0.1111111111111111,0.0
17,7,8,1,"Nicole ""Snooki"" Polizzi","Nicole ""Snooki"" Polizzi",Leah Remini,1,0,0,0.125,0.4375,-0.3125,0.0,0.25,0.25,0.0,0.0
17,8,7,1,Brant Daugherty,Brant Daugherty,Bill Engvall,1,0,0,0.14285714285714285,0.42857142857142855,-0.2857142857142857,0.0,0.2857142857142857,0.14285714285714285,0.14285714285714285,0.0
17,9,6,1,Elizabeth Berkley Lauren,Elizabeth Berkley Lauren,Bill Engvall,1,0,0,0.16666666666666666,0.8333333333333334,-0.6666666666666667,0.0,0.3333333333333333,0.16666666666666666,0.16666666666666666,0.0
17,10,5,1,Leah Remini,Leah Remini,Leah Remini,1,1,1,0.2,0.4,-0.2,0.0,0.2,0.4,-0.2,0.0
17,11,4,1,Bill Engvall,Bill Engvall,Bill Engvall,1,1,1,0.25,0.25,0.0,0.0,0.25,0.25,0.0,0.0
18,2,11,1,Sean Avery,Billy Dee Williams,Billy Dee Williams,0,0,1,0.18181818181818182,0.09090909090909091,0.09090909090909091,0.0,0.18181818181818182,0.09090909090909091,0.09090909090909091,0.0
18,5,9,1,Cody Simpson,Cody Simpson,Cody Simpson,1,1,1,0.1111111111111111,0.2222222222222222,-0.1111111111111111,0.0,0.1111111111111111,0.2222222222222222,-0.1111111111111111,0.0
18,6,8,1,Drew Carey,Drew Carey,Drew Carey,1,1,1,0.125,0.1875,-0.0625,0.0,0.125,0.1875,-0.0625,0.0
18,7,7,1,NeNe Leakes,NeNe Leakes,NeNe Leakes,1,1,1,0.14285714285714285,0.14285714285714285,0.0,0.0,0.14285714285714285,0.14285714285714285,0.0,0.0
18,8,6,1,Danica McKellar,Danica McKellar,Danica McKellar,1,1,1,0.16666666666666666,0.6666666666666666,-0.5,0.0,0.16666666666666666,0.6666666666666666,-0.5,0.0
18,9,5,1,Charlie White,Charlie White,Charlie White,1,1,1,0.2,0.5,-0.3,0.0,0.2,0.5,-0.3,0.0
18,10,4,1,James Maslow,James Maslow,James Maslow,1,1,1,0.25,0.5,-0.25,0.0,0.25,0.5,-0.25,0.0
19,1,13,1,Lolo Jones,Lolo Jones,Lolo Jones,1,1,1,0.07692307692307693,0.15384615384615385,-0.07692307692307693,0.0,0.07692307692307693,0.15384615384615385,-0.07692307692307693,0.0
19,2,12,1,Tavis Smiley,Tavis Smiley,Michael Waltrip,1,0,0,0.08333333333333333,0.2916666666666667,-0.20833333333333337,0.0,0.16666666666666666,0.08333333333333333,0.08333333333333333,0.0
19,3,11,1,Randy Couture,Randy Couture,Randy Couture,1,1,1,0.09090909090909091,0.09090909090909091,0.0,0.0,0.09090909090909091,0.09090909090909091,0.0,0.0
19,4,10,1,Betsey Johnson,Betsey Johnson,Jonathan Bennett,1,0,0,0.1,0.45,-0.35,0.0,0.3,0.1,0.19999999999999998,0.0
19,6,9,1,Jonathan Bennett,Jonathan Bennett,Jonathan Bennett,1,1,1,0.1111111111111111,0.5,-0.3888888888888889,0.0,0.1111111111111111,0.5,-0.3888888888888889,0.0
19,7,8,1,Antonio Sabato Jr.,Antonio Sabato Jr.,Antonio Sabato Jr.,1,1,1,0.125,0.25,-0.125,0.0,0.125,0.25,-0.125,0.0
19,8,7,1,Michael Waltrip,Michael Waltrip,Michael Waltrip,1,1,1,0.14285714285714285,0.14285714285714285,0.0,0.0,0.14285714285714285,0.14285714285714285,0.0,0.0
19,9,6,1,Lea Thompson,Lea Thompson,Lea Thompson,1,1,1,0.16666666666666666,0.3333333333333333,-0.16666666666666666,0.0,0.16666666666666666,0.3333333333333333,-0.16666666666666666,0.0
19,10,5,1,Tommy Chong,Tommy Chong,Tommy Chong,1,1,1,0.2,0.2,0.0,0.0,0.2,0.2,0.0,0.0
19,11,4,1,Bethany Mota,Bethany Mota,Bethany Mota,1,1,1,0.25,0.25,0.0,0.0,0.25,0.25,0.0,0.0
20,2,12,1,Redfoo,Chris Soules,Charlotte McKinney,0,0,0,0.25,0.08333333333333333,0.16666666666666669,0.0,0.16666666666666666,0.16666666666666666,0.0,0.0
20,3,11,1,Charlotte McKinney,Charlotte McKinney,Charlotte McKinney,1,1,1,0.09090909090909091,0.13636363636363635,-0.04545454545454544,0.0,0.09090909090909091,0.13636363636363635,-0.04545454545454544,0.0
20,4,10,1,Michael Sam,Michael Sam,Suzanne Somers,1,0,0,0.1,0.35,-0.24999999999999997,0.0,0.2,0.2,0.0,0.0
20,5,9,1,Suzanne Somers,Suzanne Somers,Robert Herjavec,1,0,0,0.1111111111111111,0.5,-0.3888888888888889,0.0,0.2222222222222222,0.1111111111111111,0.1111111111111111,0.0
20,6,8,1,Patti LaBelle,Patti LaBelle,Patti LaBelle,1,1,1,0.125,0.3125,-0.1875,0.0,0.125,0.3125,-0.1875,0.0
20,7,7,1,Willow Shields,Willow Shields,Robert Herjavec,1,0,0,0.14285714285714285,0.8571428571428571,-0.7142857142857142,0.0,0.2857142857142857,0.21428571428571427,0.07142857142857142,0.0
20,8,6,2,Chris Soules; Robert Herjavec,Robert Herjavec; Chris Soules,Robert Herjavec; Chris Soules,1,1,1,0.25,0.3333333333333333,-0.08333333333333334,0.0,0.25,0.3333333333333333,-0.08333333333333334,0.0
20,9,4,1,Nastia Liukin,Nastia Liukin,Noah Galloway,1,0,0,0.25,0.875,-0.625,0.0,0.75,0.25,0.5,1.0
21,2,13,2,Chaka Khan; Victor Espinoza,Chaka Khan; Victor Espinoza,Chaka Khan; Victor Espinoza,1,1,1,0.11538461538461539,0.19230769230769232,-0.07692307692307693,0.0,0.11538461538461539,0.19230769230769232,-0.07692307692307693,0.0
21,4,10,1,Gary Busey,Gary Busey,Gary Busey,1,1,1,0.1,0.1,0.0,0.0,0.1,0.1,0.0,0.0
21,6,9,1,Paula Deen,Paula Deen,Paula Deen,1,1,1,0.1111111111111111,0.1111111111111111,0.0,0.0,0.1111111111111111,0.1111111111111111,0.0,0.0
21,7,8,1,Hayes Grier,Hayes Grier,Tamar Braxton,1,0,0,0.125,0.75,-0.625,0.0,0.25,0.3125,-0.0625,0.0
21,8,7,1,Andy Grammer,Andy Grammer,Andy Grammer,1,1,1,0.14285714285714285,0.14285714285714285,0.0,0.0,0.14285714285714285,0.14285714285714285,0.0,0.0
21,9,6,1,Alexa PenaVega,Alexa PenaVega,Tamar Braxton,1,0,0,0.16666666666666666,0.9166666666666666,-0.75,0.0,0.5,0.16666666666666666,0.33333333333333337,0.0
21,11,4,1,Carlos PenaVega,Carlos PenaVega,Alek Skarlatos,1,0,0,0.25,0.75,-0.5,0.0,0.5,0.25,0.25,0.0
22,2,12,1,Geraldo Rivera,Geraldo Rivera,Geraldo Rivera,1,1,1,0.08333333333333333,0.08333333333333333,0.0,0.0,0.08333333333333333,0.08333333333333333,0.0,0.0
22,3,11,1,Mischa Barton,Mischa Barton,Mischa Barton,1,1,1,0.09090909090909091,0.09090909090909091,0.0,0.0,0.09090909090909091,0.09090909090909091,0.0,0.0
22,4,10,1,Marla Maples,Marla Maples,Marla Maples,1,1,1,0.1,0.3,-0.19999999999999998,0.0,0.1,0.3,-0.19999999999999998,0.0
22,6,9,1,Doug Flutie,Doug Flutie,Doug Flutie,1,1,1,0.1111111111111111,0.1111111111111111,0.0,0.0,0.1111111111111111,0.1111111111111111,0.0,0.0
22,7,8,2,Kim Fields; Von Miller,Kim Fields; Von Miller,Kim Fields; Jodie Sweetin,1,0,0,0.1875,0.375,-0.1875,0.0,0.3125,0.25,0.0625,0.0
22,8,6,1,Jodie Sweetin,Jodie Sweetin,Wanya Morris,1,0,0,0.16666666666666666,0.9166666666666666,-0.75,0.0,0.3333333333333333,0.16666666666666666,0.16666666666666666,0.0
22,9,5,2,Antonio Brown; Wanya Morris,Antonio Brown; Wanya Morris,Antonio Brown; Nyle DiMarco,1,0,0,0.30000000000000004,0.6,-0.3,0.0,0.4,0.4,0.0,0.5
23,2,13,1,Jake T. Austin,Jake T. Austin,Rick Perry,1,0,0,0.07692307692307693,0.23076923076923078,-0.15384615384615385,0.0,0.15384615384615385,0.07692307692307693,0.07692307692307693,0.0
23,3,12,1,Rick Perry,Rick Perry,Rick Perry,1,1,1,0.08333333333333333,0.125,-0.04166666666666667,0.0,0.08333333333333333,0.125,-0.04166666666666667,0.0
23,4,11,2,Babyface; Vanilla Ice,Babyface; Vanilla Ice,Babyface; Marilu Henner,1,0,0,0.13636363636363635,0.2727272727272727,-0.13636363636363635,0.0,0.2727272727272727,0.13636363636363635,0.13636363636363635,0.0
23,6,9,1,Amber Rose,Amber Rose,Amber Rose,1,1,1,0.1111111111111111,0.1111111111111111,0.0,0.0,0.1111111111111111,0.1111111111111111,0.0,0.0
23,7,8,1,Maureen McCormick,Maureen McCormick,Maureen McCormick,1,1,1,0.125,0.3125,-0.1875,0.0,0.125,0.3125,-0.1875,0.0
23,8,7,1,Ryan Lochte,Ryan Lochte,Ryan Lochte,1,1,1,0.14285714285714285,0.42857142857142855,-0.2857142857142857,0.0,0.14285714285714285,0.42857142857142855,-0.2857142857142857,0.0
23,9,6,1,Marilu Henner,Marilu Henner,Marilu Henner,1,1,1,0.16666666666666666,0.25,-0.08333333333333334,0.0,0.16666666666666666,0.25,-0.08333333333333334,0.0
23,10,5,1,Terra Jole,Terra Jole,James Hinchcliffe,1,0,0,0.2,0.9,-0.7,0.0,0.4,0.6,-0.19999999999999996,0.0
23,11,4,1,Jana Kramer,Jana Kramer,Jana Kramer,1,1,1,0.25,0.25,0.0,0.0,0.25,0.25,0.0,0.0
24,2,12,1,Chris Kattan,Chris Kattan,Chris Kattan,1,1,1,0.08333333333333333,0.125,-0.04166666666666667,0.0,0.08333333333333333,0.125,-0.04166666666666667,0.0
24,3,11,1,Charo,Charo,Charo,1,1,1,0.09090909090909091,0.18181818181818182,-0.09090909090909091,0.0,0.09090909090909091,0.18181818181818182,-0.09090909090909091,0.0
24,4,10,1,Mr. T,Mr. T,Mr. T,1,1,1,0.1,0.1,0.0,0.0,0.1,0.1,0.0,0.0
24,5,9,1,Erika Jayne,Erika Jayne,Erika Jayne,1,1,1,0.1111111111111111,0.3888888888888889,-0.2777777777777778,0.0,0.1111111111111111,0.3888888888888889,-0.2777777777777778,0.0
24,6,8,1,Heather Morris,Heather Morris,Nick Viall,1,0,0,0.125,1.0,-0.875,0.0,0.25,0.125,0.125,0.0
24,7,7,2,Nancy Kerrigan; Nick Viall,Nick Viall; Nancy Kerrigan,Nick Viall; David Ross,1,0,0,0.21428571428571427,0.5,-0.2857142857142857,0.0,0.2857142857142857,0.3571428571428571,-0.07142857142857142,0.0
24,8,5,1,Bonner Bolton,Bonner Bolton,Bonner Bolton,1,1,1,0.2,0.2,0.0,0.0,0.2,0.2,0.0,0.0
24,9,4,1,Simone Biles,Simone Biles,Normani,1,0,0,0.25,1.0,-0.75,0.0,0.5,0.5,0.0,0.0
25,2,13,2,Barbara Corcoran; Debbie Gibson,Barbara Corcoran; Debbie Gibson,Barbara Corcoran; Derek Fisher,1,0,0,0.11538461538461539,0.28846153846153844,-0.17307692307692307,0.0,0.15384615384615385,0.13461538461538464,0.019230769230769232,0.0
25,4,11,1,Derek Fisher,Derek Fisher,Derek Fisher,1,1,1,0.09090909090909091,0.18181818181818182,-0.09090909090909091,0.0,0.09090909090909091,0.18181818181818182,-0.09090909090909091,0.0
25,5,10,1,Sasha Pieterse,Sasha Pieterse,Nick Lachey,1,0,0,0.1,0.25,-0.15,0.0,0.2,0.1,0.1,0.0
25,6,9,1,Nick Lachey,Nick Lachey,Nick Lachey,1,1,1,0.1111111111111111,0.1111111111111111,0.0,0.0,0.1111111111111111,0.1111111111111111,0.0,0.0
25,7,8,2,Nikki Bella; Vanessa Lachey,Nikki Bella; Vanessa Lachey,Nikki Bella; Terrell Owens,1,0,0,0.1875,0.34375,-0.15625,0.0,0.25,0.1875,0.0625,0.0
25,8,6,1,Terrell Owens,Terrell Owens,Drew Scott,1,0,0,0.16666666666666666,0.5,-0.33333333333333337,0.0,0.3333333333333333,0.16666666666666666,0.16666666666666666,0.0
25,9,5,1,Victoria Arlen,Victoria Arlen,Drew Scott,1,0,0,0.2,0.6,-0.39999999999999997,0.0,0.4,0.2,0.2,0.0
25,10,4,1,Drew Scott,Drew Scott,Drew Scott,1,1,1,0.25,0.25,0.0,0.0,0.25,0.25,0.0,0.0
26,1,10,2,Jamie Anderson; Johnny Damon,Johnny Damon; Jamie Anderson,Johnny Damon; Kareem Abdul-Jabbar,1,0,0,0.15000000000000002,0.25,-0.09999999999999999,0.0,0.2,0.15000000000000002,0.04999999999999999,0.0
26,2,8,2,Arike Ogunbowale; Kareem Abdul-Jabbar,Kareem Abdul-Jabbar; Arike Ogunbowale,Kareem Abdul-Jabbar; Jennie Finch Daigle,1,0,0,0.1875,0.4375,-0.25,0.0,0.25,0.21875,0.03125,0.0
26,3,6,3,Chris Mazdzer; Jennie Finch Daigle; Mirai Nagasu,Jennie Finch Daigle; Chris Mazdzer; Mirai Nagasu,Jennie Finch Daigle; Chris Mazdzer; Mirai Nagasu,1,1,1,0.3333333333333333,0.36111111111111116,-0.02777777777777779,0.0,0.3333333333333333,0.36111111111111116,-0.02777777777777779,0.0
27,1,13,1,Nikki Glaser,Nikki Glaser,Nikki Glaser,1,1,1,0.07692307692307693,0.15384615384615385,-0.07692307692307693,0.0,0.07692307692307693,0.15384615384615385,-0.07692307692307693,0.0
27,2,12,1,Danelle Umstead,Danelle Umstead,Danelle Umstead,1,1,1,0.08333333333333333,0.16666666666666666,-0.08333333333333333,0.0,0.08333333333333333,0.16666666666666666,-0.08333333333333333,0.0
27,3,11,1,Nancy McKeon,Nancy McKeon,Joe Amabile,1,0,0,0.09090909090909091,0.2727272727272727,-0.1818181818181818,0.0,0.18181818181818182,0.09090909090909091,0.09090909090909091,0.0
27,4,10,1,Tinashe,Joe Amabile,Joe Amabile,0,0,1,0.2,0.1,0.1,0.0,0.2,0.1,0.1,0.0
27,6,9,1,Mary Lou Retton,Mary Lou Retton,John Schneider,1,0,0,0.1111111111111111,0.4444444444444444,-0.3333333333333333,0.0,0.2222222222222222,0.1111111111111111,0.1111111111111111,0.0
27,7,8,2,DeMarcus Ware; John Schneider,DeMarcus Ware; John Schneider,DeMarcus Ware; Joe Amabile,1,0,0,0.1875,0.40625,-0.21875,0.0,0.3125,0.21875,0.09375,0.0
27,8,6,2,Joe Amabile; Juan Pablo Di Pace,Joe Amabile; Juan Pablo Di Pace,Joe Amabile; Bobby Bones,1,0,0,0.25,0.6666666666666666,-0.4166666666666667,0.0,0.3333333333333333,0.25,0.08333333333333336,0.0
28,2,12,1,Mary Wilson,Mary Wilson,Lamar Odom,1,0,0,0.08333333333333333,0.20833333333333334,-0.125,0.0,0.16666666666666666,0.08333333333333333,0.08333333333333333,0.0
28,4,10,1,Lamar Odom,Lamar Odom,Lamar Odom,1,1,1,0.1,0.1,0.0,0.0,0.1,0.1,0.0,0.0
28,6,9,1,Sailor Brinkley-Cook,Sailor Brinkley-Cook,Sean Spicer,1,0,0,0.1111111111111111,0.8888888888888888,-0.7777777777777777,0.0,0.2222222222222222,0.1111111111111111,0.1111111111111111,0.0
28,7,8,1,Karamo Brown,Karamo Brown,Karamo Brown,1,1,1,0.125,0.375,-0.25,0.0,0.125,0.375,-0.25,0.0
28,8,7,1,Kate Flannery,Kate Flannery,Sean Spicer,1,0,0,0.14285714285714285,0.42857142857142855,-0.2857142857142857,0.0,0.2857142857142857,0.14285714285714285,0.14285714285714285,0.0
28,9,6,1,Sean Spicer,Sean Spicer,Sean Spicer,1,1,1,0.16666666666666666,0.16666666666666666,0.0,0.0,0.16666666666666666,0.16666666666666666,0.0,0.0
28,10,5,1,James Van Der Beek,James Van Der Beek,James Van Der Beek,1,1,1,0.2,0.2,0.0,0.0,0.2,0.2,0.0,0.0
29,2,15,1,Charles Oakley,Charles Oakley,Charles Oakley,1,1,1,0.06666666666666667,0.1,-0.03333333333333334,0.0,0.06666666666666667,0.1,-0.03333333333333334,0.0
29,3,14,1,Carole Baskin,Carole Baskin,Carole Baskin,1,1,1,0.07142857142857142,0.07142857142857142,0.0,0.0,0.07142857142857142,0.07142857142857142,0.0,0.0
29,4,13,1,Anne Heche,Anne Heche,Anne Heche,1,1,1,0.07692307692307693,0.19230769230769232,-0.11538461538461539,0.0,0.07692307692307693,0.19230769230769232,-0.11538461538461539,0.0
29,5,12,1,Jesse Metcalfe,Jesse Metcalfe,Jesse Metcalfe,1,1,1,0.08333333333333333,0.125,-0.04166666666666667,0.0,0.08333333333333333,0.125,-0.04166666666666667,0.0
29,6,11,1,Veron Davis,Veron Davis,Veron Davis,1,1,1,0.09090909090909091,0.18181818181818182,-0.09090909090909091,0.0,0.09090909090909091,0.18181818181818182,-0.09090909090909091,0.0
29,7,10,1,Monica Aldama,Monica Aldama,Monica Aldama,1,1,1,0.1,0.1,0.0,0.0,0.1,0.1,0.0,0.0
29,8,8,1,Chrishell Stause,Chrishell Stause,Nelly,1,0,0,0.125,0.4375,-0.3125,0.0,0.375,0.125,0.25,0.0
29,9,7,1,AJ McLean,AJ McLean,AJ McLean,1,1,1,0.14285714285714285,0.2857142857142857,-0.14285714285714285,0.0,0.14285714285714285,0.2857142857142857,-0.14285714285714285,0.0
29,10,6,2,Johnny Weir; Skai Jackson,Skai Jackson; Johnny Weir,Skai Jackson; Nelly,1,0,0,0.25,0.4166666666666667,-0.16666666666666669,0.0,0.3333333333333333,0.2916666666666667,0.041666666666666685,0.0
30,2,15,1,Martin Kove,Martin Kove,Martin Kove,1,1,1,0.06666666666666667,0.06666666666666667,0.0,0.0,0.06666666666666667,0.06666666666666667,0.0,0.0
30,3,14,1,Christine Chiu,Christine Chiu,Cody Rigsby,1,0,0,0.07142857142857142,0.5,-0.4285714285714286,0.0,0.21428571428571427,0.07142857142857142,0.14285714285714285,0.0
30,4,13,2,Brian Austin Green; Matt James,Brian Austin Green; Matt James,Brian Austin Green; Matt James,1,1,1,0.11538461538461539,0.11538461538461539,0.0,0.0,0.11538461538461539,0.11538461538461539,0.0,0.0
30,5,11,1,Melanie C,Melanie C,Iman Shumpert,1,0,0,0.09090909090909091,0.6363636363636364,-0.5454545454545454,0.0,0.2727272727272727,0.09090909090909091,0.1818181818181818,0.0
30,6,10,1,Kenya Moore,Kenya Moore,Kenya Moore,1,1,1,0.1,0.1,0.0,0.0,0.1,0.1,0.0,0.0
30,7,9,1,"Mike ""The Miz"" Mizanin","Mike ""The Miz"" Mizanin","Mike ""The Miz"" Mizanin",1,1,1,0.1111111111111111,0.1111111111111111,0.0,0.0,0.1111111111111111,0.1111111111111111,0.0,0.0
30,8,8,2,Jimmie Allen; Olivia Jade,Jimmie Allen; Olivia Jade,Jimmie Allen; Olivia Jade,1,1,1,0.1875,0.25,-0.0625,0.0,0.1875,0.25,-0.0625,0.0
30,9,6,2,Melora Hardin; Suni Lee,Melora Hardin; Suni Lee,Melora Hardin; Cody Rigsby,1,0,0,0.25,0.45833333333333337,-0.20833333333333337,0.0,0.3333333333333333,0.25,0.08333333333333336,0.0
31,1,16,1,Jason Lewis,Jason Lewis,Jason Lewis,1,1,1,0.0625,0.125,-0.0625,0.0,0.0625,0.125,-0.0625,0.0
31,2,15,1,Teresa Giudice,Teresa Giudice,Teresa Giudice,1,1,1,0.06666666666666667,0.13333333333333333,-0.06666666666666667,0.0,0.06666666666666667,0.13333333333333333,-0.06666666666666667,0.0
31,3,14,1,Cheryl Ladd,Cheryl Ladd,Cheryl Ladd,1,1,1,0.07142857142857142,0.14285714285714285,-0.07142857142857142,0.0,0.07142857142857142,0.14285714285714285,-0.07142857142857142,0.0
31,4,13,1,Sam Champion,Sam Champion,Sam Champion,1,1,1,0.07692307692307693,0.07692307692307693,0.0,0.0,0.07692307692307693,0.07692307692307693,0.0,0.0
31,5,12,1,Joseph Baena,Joseph Baena,Joseph Baena,1,1,1,0.08333333333333333,0.25,-0.16666666666666669,0.0,0.08333333333333333,0.25,-0.16666666666666669,0.0
31,6,10,1,Jessie James Decker,Jessie James Decker,Jessie James Decker,1,1,1,0.1,0.2,-0.1,0.0,0.1,0.2,-0.1,0.0
31,7,9,1,Jordin Sparks,Jordin Sparks,Jordin Sparks,1,1,1,0.1111111111111111,0.2222222222222222,-0.1111111111111111,0.0,0.1111111111111111,0.2222222222222222,-0.1111111111111111,0.0
31,8,8,2,Heidi D'Amelio; Vinny Guadagnino,Vinny Guadagnino; Heidi D'Amelio,Vinny Guadagnino; Heidi D'Amelio,1,1,1,0.1875,0.1875,0.0,0.0,0.1875,0.1875,0.0,0.0
31,9,6,2,Daniel Durant; Trevor Donovan,Trevor Donovan; Daniel Durant,Daniel Durant; Trevor Donovan,1,1,1,0.25,0.25,0.0,0.0,0.25,0.25,0.0,0.0
32,1,14,1,Matt Walsh,Matt Walsh,Matt Walsh,1,1,1,0.07142857142857142,0.14285714285714285,-0.07142857142857142,0.0,0.07142857142857142,0.14285714285714285,-0.07142857142857142,0.0
32,2,13,1,Jamie Lynn Spears,Jamie Lynn Spears,Mauricio Umansky,1,0,0,0.07692307692307693,0.38461538461538464,-0.3076923076923077,0.0,0.15384615384615385,0.07692307692307693,0.07692307692307693,0.0
32,3,12,1,Tyson Beckford,Tyson Beckford,Tyson Beckford,1,1,1,0.08333333333333333,0.08333333333333333,0.0,0.0,0.08333333333333333,0.08333333333333333,0.0,0.0
32,4,11,1,Adrian Peterson,Adrian Peterson,Mauricio Umansky,1,0,0,0.09090909090909091,0.45454545454545453,-0.36363636363636365,0.0,0.2727272727272727,0.2727272727272727,0.0,0.0
32,5,10,1,Mira Sorvino,Mira Sorvino,Harry Jowsey,1,0,0,0.1,0.3,-0.19999999999999998,0.0,0.2,0.1,0.1,0.0
32,6,9,1,Mauricio Umansky,Mauricio Umansky,Harry Jowsey,1,0,0,0.1111111111111111,0.4444444444444444,-0.3333333333333333,0.0,0.3333333333333333,0.1111111111111111,0.2222222222222222,0.0
32,7,8,1,Lele Pons,Lele Pons,Harry Jowsey,1,0,0,0.125,0.75,-0.625,0.0,0.25,0.125,0.125,0.0
32,8,7,1,Barry Williams,Barry Williams,Harry Jowsey,1,0,0,0.14285714285714285,0.42857142857142855,-0.2857142857142857,0.0,0.2857142857142857,0.14285714285714285,0.14285714285714285,0.0
32,9,6,1,Harry Jowsey,Harry Jowsey,Harry Jowsey,1,1,1,0.16666666666666666,0.16666666666666666,0.0,0.0,0.16666666666666666,0.16666666666666666,0.0,0.0
33,2,13,2,Anna Delvey; Tori Spelling,Anna Delvey; Tori Spelling,Anna Delvey; Eric Roberts,1,0,0,0.11538461538461539,0.28846153846153844,-0.17307692307692307,0.0,0.15384615384615385,0.17307692307692307,-0.019230769230769232,0.0
33,3,11,2,Eric Roberts; Reginald VelJohnson,Reginald VelJohnson; Eric Roberts,Reginald VelJohnson; Eric Roberts,1,1,1,0.13636363636363635,0.13636363636363635,0.0,0.0,0.13636363636363635,0.13636363636363635,0.0,0.0
33,4,9,1,Brooks Nader,Brooks Nader,Dwight Howard,1,0,0,0.1111111111111111,0.4444444444444444,-0.3333333333333333,0.0,0.4444444444444444,0.1111111111111111,0.3333333333333333,0.0
33,5,8,1,Phaedra Parks,Phaedra Parks,Phaedra Parks,1,1,1,0.125,0.25,-0.125,0.0,0.125,0.25,-0.125,0.0
33,6,7,1,Jenn Tran,Jenn Tran,Stephen Nedoroscik,1,0,0,0.14285714285714285,0.6428571428571429,-0.5,0.0,0.2857142857142857,0.35714285714285715,-0.07142857142857145,0.0
33,7,6,1,Dwight Howard,Dwight Howard,Dwight Howard,1,1,1,0.16666666666666666,0.16666666666666666,0.0,0.0,0.16666666666666666,0.16666666666666666,0.0,0.0
34,2,14,2,Baron Davis; Corey Feldman,Corey Feldman; Baron Davis,Corey Feldman; Baron Davis,1,1,1,0.10714285714285714,0.1607142857142857,-0.053571428571428575,0.0,0.10714285714285714,0.1607142857142857,-0.053571428571428575,0.0
34,3,12,1,Lauren Jauregui,Lauren Jauregui,Lauren Jauregui,1,1,1,0.08333333333333333,0.125,-0.04166666666666667,0.0,0.08333333333333333,0.125,-0.04166666666666667,0.0
34,4,11,1,Hilaria Baldwin,Hilaria Baldwin,Andy Richter,1,0,0,0.09090909090909091,0.5454545454545454,-0.4545454545454545,0.0,0.18181818181818182,0.09090909090909091,0.09090909090909091,0.0
34,6,10,1,Scott Hoying,Scott Hoying,Scott Hoying,1,1,1,0.1,0.2,-0.1,0.0,0.1,0.2,-0.1,0.0
34,7,9,1,Jen Affleck,Jen Affleck,Jen Affleck,1,1,1,0.1111111111111111,0.3333333333333333,-0.2222222222222222,0.0,0.1111111111111111,0.3333333333333333,-0.2222222222222222,0.0
34,8,8,1,Danielle Fishel,Danielle Fishel,Danielle Fishel,1,1,1,0.125,0.25,-0.125,0.0,0.125,0.25,-0.125,0.0
34,9,7,1,Andy Richter,Andy Richter,Andy Richter,1,1,1,0.14285714285714285,0.14285714285714285,0.0,0.0,0.14285714285714285,0.14285714285714285,0.0,0.0
34,10,6,1,Whitney Leavitt,Whitney Leavitt,Jordan Chiles,1,0,0,0.16666666666666666,0.75,-0.5833333333333334,0.0,0.3333333333333333,0.4166666666666667,-0.08333333333333337,0.0
