season,week,n_competitors,mean_std,median_std,mean_cv,entropy,effective_competitors,gini_mean_norm,top1_share,top3_share,mean_p_bottom2,max_p_bottom2,mean_p_top1,max_p_top1
1,1,6,0.021733526306302597,0.02083448561116425,0.13595587752458657,1.7905113767475656,5.992516116377992,0.027694918340612478,0.17567836120921718,0.5221778510718574,0.3333333333333333,0.605,0.16666666666666666,0.235
1,2,6,0.039296361076579696,0.03517580821229875,0.3226474715520608,1.743794119637125,5.719000884751934,0.14978910705917828,0.21490810429277804,0.613909178769036,0.3333333333333333,0.907,0.16666666666666666,0.45
1,3,5,0.0432233838518825,0.0350122840944533,0.3381679894816426,1.5355891240212078,4.644060651897815,0.15491495389019097,0.24493903147308146,0.7232526484022721,0.4,0.988,0.19999999999999998,0.294
1,4,4,0.09517775947761248,0.08944632283457829,0.5891370999745054,1.3095875390419591,3.7046453754614816,0.1619168999513425,0.30908507295341403,0.9035877853166523,0.5,0.893,0.25,0.348
1,5,3,0.019972727209672535,0.0176490057806761,0.061133191914097516,1.09859976144456,2.999962418564747,0.00243666086577754,0.33463447723525463,1.0,0.6666666666666666,0.682,0.3333333333333333,0.351
1,6,2,0.0341110197401707,0.0341110197401707,0.06994023284314946,0.6931471741768873,1.999999987233884,5.649361864668023e-05,0.5000564936186466,1.0,1.0,1.0,0.5,0.504
2,1,10,0.01156207028911123,0.006999608864230801,0.18896438162142057,2.2566661073484817,9.551193374329511,0.11439629104474527,0.11611757879581537,0.347317267536335,0.19999999999999998,0.996,0.1,0.198
2,2,9,0.012780178164653646,0.0086099054588267,0.20311129086224086,2.153691609449674,8.61660891075106,0.0995199146147247,0.12615260649480467,0.3769307117024573,0.2222222222222222,0.982,0.1111111111111111,0.228
2,3,8,0.02171678462809961,0.01307329133745745,0.2527179856939416,2.0475038927256373,7.748535770880828,0.11350752352760529,0.1483890853907812,0.4355063906668215,0.25,0.866,0.125,0.201
2,4,7,0.016226011618326357,0.0151118257169464,0.20884273052984864,1.8639439037789258,6.449121395510726,0.13553068109806254,0.1770768708800826,0.5015655001875083,0.2857142857142857,1.0,0.14285714285714285,0.517
2,5,6,0.03704405279835333,0.035085658336547004,0.2936199261270627,1.7579682613844956,5.8006400295373135,0.1246371207721421,0.20693007372148955,0.5850263908333635,0.3333333333333333,0.854,0.16666666666666666,0.363
2,6,5,0.036569458402036056,0.0208257110868346,0.2772065330646751,1.563429838545713,4.775171256598176,0.13015854277094352,0.23888931289013135,0.700929492378501,0.4,0.945,0.2,0.319
2,7,4,0.09492283487542146,0.088939435341535,0.5071192822766702,1.3316361860950356,3.787234942070652,0.15831358855562616,0.31539058710521284,0.8780390122493597,0.5,0.864,0.25,0.407
2,8,3,0.007163290647278934,0.0036613632700437,0.02185482848340189,1.0985298482872607,2.999752689051798,0.006132159526129222,0.33648970697170416,1.0,0.6666666666666666,0.788,0.3333333333333333,0.416
3,1,11,0.008032484149729681,0.0056847523942936,0.127992653444957,2.3784547947468306,10.788219963837783,0.06514858664619555,0.09905650884826908,0.296367216741942,0.18181818181818182,0.925,0.09090909090909091,0.272
3,2,10,0.0091974551723357,0.0061983145126239,0.15550136595772815,2.266451700223324,9.64511626023471,0.1006285323278771,0.11552326454759865,0.3449469260960671,0.19999999999999998,0.988,0.1,0.252
3,3,9,0.013387379155914755,0.0087658773605194,0.15986587526444765,2.1789197598994616,8.83675528356052,0.07301040592906934,0.1252556071334409,0.36752128323347977,0.2222222222222222,0.883,0.1111111111111111,0.211
3,4,8,0.014111248917951048,0.01246807126141925,0.17989462345814727,2.0370491439759073,7.667948768672105,0.10485060179635664,0.1453829836672672,0.4316957853062513,0.25,0.996,0.125,0.215
3,5,7,0.024260436246547463,0.0172052324018047,0.20241190314605637,1.931730472339144,6.901442669875477,0.06514631010898089,0.15562388261070392,0.46387626829824213,0.2857142857142857,0.797,0.14285714285714285,0.171
3,6,5,0.03061203611522766,0.0188330955642517,0.1815012640986721,1.5978187894151004,4.94224059155236,0.06645122268954626,0.22214658873172882,0.6480024656628062,0.4,0.815,0.2,0.379
3,7,5,0.030589942302104146,0.0255596396720846,0.3296237695622077,1.5214666500013427,4.578935969206208,0.15925062340372237,0.24456011334108202,0.7199992761909799,0.4,0.992,0.2,0.321
3,8,4,0.05569921959718467,0.04405050090136185,0.3966581170786019,1.2995524516299128,3.6676548473006934,0.17018287882018068,0.31406960087365954,0.9120113944117375,0.5,0.978,0.25,0.406
3,9,3,0.0036875767341363,0.0035853341119076,0.011025873101997945,1.098607176213284,2.999984662674729,0.0017333253766017205,0.33470288407768056,0.9999999999999999,0.6666666666666666,0.819,0.3333333333333333,0.549
3,10,2,0.0282755937390936,0.0282755937390936,0.05777849896142413,0.6931464832541839,1.9999986053889636,0.0005904682884287915,0.5005904682884289,1.0,1.0,1.0,0.5,0.524
4,1,11,0.005646305038616509,0.0043788730293888,0.0645405919275265,2.3965262976370436,10.984951576034895,0.0297495045037463,0.0981948202815237,0.289366474268705,0.18181818181818182,0.533,0.09090909090909091,0.404
4,2,11,0.008170575245067481,0.005326598862352,0.11997582770427573,2.3814255763573784,10.820317062445852,0.06702359804451839,0.10069774590224669,0.29902410311286975,0.18181818181818182,0.933,0.09090909090909093,0.225
4,3,10,0.00891542745111376,0.00410913061138725,0.15084114347563635,2.2677715242663274,9.657854520854743,0.09371961410800012,0.11287606748046625,0.3369089946001082,0.2,0.988,0.09999999999999999,0.175
4,4,9,0.013595941157048909,0.0061584625895875,0.17003546787493043,2.169247641903626,8.75169715299231,0.1041402048243347,0.12937462105813302,0.3847913481993608,0.2222222222222222,0.937,0.1111111111111111,0.248
4,5,8,0.014731883373717275,0.0096522557659503,0.2163064116940934,2.016147756315518,7.509341330837635,0.1412936532868545,0.1531055189903794,0.4494429762765517,0.25,1.0,0.125,0.467
4,6,7,0.021706802767324302,0.0179961118677953,0.22589664319702438,1.9108615097175647,6.758909156942476,0.09816227779751394,0.16309448182244327,0.4835720549111695,0.2857142857142857,0.927,0.14285714285714285,0.215
4,7,6,0.025289350446938235,0.01452007046456905,0.28367205618048613,1.7218566931907824,5.594906852008863,0.15008683188893177,0.20330745816918538,0.5989834688525957,0.3333333333333333,0.992,0.16666666666666666,0.265
4,8,5,0.02921140343155814,0.015627011636075,0.2887605040876687,1.5169798367834904,4.5584371603284755,0.17722341354902743,0.2510123040823349,0.744852786891426,0.39999999999999997,0.999,0.2,0.351
4,9,4,0.06125074132281755,0.047103323681022755,0.35303498614754664,1.3329221324092475,3.7921082556236967,0.14112733956049262,0.30255564694054166,0.8804019768305278,0.5,0.918,0.25,0.375
4,10,3,0.0021648536595227333,0.0017396867984459,0.006488585829395287,1.0986122738072954,2.9999999554175574,8.318039316386934e-05,0.33337690834706746,1.0,0.6666666666666666,0.717,0.3333333333333333,0.391
5,1,12,0.005404245010009842,0.00244346037430995,0.11292517372421913,2.458361900132207,11.685653585350137,0.07008658522410371,0.09201969964908088,0.27267849609920114,0.16666666666666663,0.99,0.08333333333333333,0.277
5,2,11,0.00797200875813851,0.0046704357413559,0.1173652284046023,2.3835150927342053,10.842949929789038,0.06386647233684008,0.09994376299832598,0.29753449214459665,0.18181818181818182,0.902,0.09090909090909091,0.221
5,3,10,0.00760191217660255,0.0035388701578663497,0.11841685877166422,2.277805544820736,9.75524944581317,0.07986677257313701,0.11091735138588878,0.3320535708403526,0.2,0.955,0.1,0.228
5,4,9,0.00774946340842071,0.0035258613459487,0.0841381268985448,2.1888224047829845,8.924697243406957,0.047645396316113024,0.11866066160239075,0.3539003619603369,0.2222222222222222,0.888,0.1111111111111111,0.218
5,5,8,0.014193922029183036,0.00556657674889865,0.1551864581391874,2.057791887106532,7.8286641366905885,0.08528021673462449,0.14024936438123486,0.4173388449003544,0.25,0.92,0.125,0.218
5,6,7,0.023085559626345797,0.0210121917759647,0.19433179583489021,1.931485574048864,6.899752725305873,0.08400143893974261,0.16558046682619718,0.4831604614082379,0.2857142857142857,0.783,0.14285714285714288,0.338
5,7,6,0.024149276421953764,0.01524650320378655,0.257294628610994,1.7243728066227417,5.609001997345859,0.14908614001934092,0.20242028853048513,0.6007268556978503,0.3333333333333333,0.997,0.16666666666666666,0.378
5,8,5,0.04223469922248066,0.0533848595962824,0.3454802481087565,1.550887742681977,4.715654612840547,0.15179456646743822,0.24938182876991521,0.7121375374097929,0.4000000000000001,0.921,0.2,0.325
5,9,4,0.07199107076084367,0.0711875339071672,0.424285056557891,1.3226868830678074,3.7534930374024142,0.1679584670422598,0.3183507587618326,0.8877803580045476,0.49999999999999994,0.945,0.25,0.388
5,10,3,0.006182846604110399,0.0044992858414859,0.018758675091418913,1.0985954654992784,2.999949530918032,0.0028742013518074927,0.33492521054370616,1.0,0.6666666666666666,0.718,0.3333333333333333,0.371
6,1,12,0.004810068375410133,0.0023549350243895,0.06330653810846443,2.4825238731059494,11.971440718522775,0.031821034629050025,0.08888838339120707,0.26221571537299315,0.16666666666666666,0.725,0.08333333333333333,0.376
6,2,12,0.00957379971714275,0.003219278673645,0.19140393792085422,2.441578539288685,11.49116569007509,0.11988272775286113,0.09791755015463474,0.2914080924781044,0.16666666666666666,0.914,0.08333333333333333,0.206
6,3,10,0.00794394775179991,0.0048124470064453,0.10023773904684412,2.2893394185536935,9.868416634635874,0.07257853355125495,0.11257127835441293,0.33519052929773735,0.2,0.919,0.1,0.33
6,4,9,0.008271093395513277,0.0038033291718762,0.13223586040093582,2.162821129743259,8.69563460109925,0.09123793552503044,0.1250038804154961,0.373550395336717,0.2222222222222222,0.991,0.1111111111111111,0.294
6,5,8,0.012893562581984673,0.0068947109556315,0.15358745522479433,2.0538315909005873,7.79772161902182,0.08789160539828766,0.1420244178059614,0.41830167443781496,0.24999999999999997,0.94,0.125,0.322
6,6,7,0.010928302110233828,0.0072958835439942,0.14709204167589562,1.8925330301415062,6.636156995106186,0.10646770065631829,0.16491138761920582,0.4843131144471153,0.2857142857142857,0.999,0.14285714285714285,0.439
6,7,6,0.028597008571624182,0.021781571170959947,0.24656235773109145,1.7538486045411772,5.7767925386110415,0.1176174021989181,0.19812555167535872,0.5827294320718737,0.3333333333333333,0.931,0.16666666666666666,0.318
6,8,5,0.04694884458991932,0.0522221274592391,0.3322747521170887,1.5609584103683007,4.7633843350671485,0.13971545407448893,0.24747770572975736,0.7011568016740917,0.39999999999999997,0.918,0.2,0.321
6,9,4,0.06357598801782985,0.06261781257483459,0.45802631873698846,1.2831897704507498,3.608130497407261,0.19204228363754283,0.3235915796040599,0.9237530351407339,0.5,0.994,0.25,0.395
6,10,3,0.0056736837972423335,0.0056150888416458,0.017082838463165002,1.098611742908757,2.9999983627223887,0.0005525334088150776,0.3336895299140391,1.0,0.6666666666666666,0.72,0.3333333333333333,0.376
7,1,13,0.007456912792489846,0.0036864530577405,0.1568103322773804,2.535352729240328,12.620881817052892,0.08452018612304918,0.08550321792179535,0.25522644627543634,0.1538461538461538,0.961,0.07692307692307691,0.243
7,2,11,0.007357529451022091,0.0041111821420103,0.10479576157299614,2.3859073599129683,10.86892021457146,0.060665194093142395,0.09961508948051359,0.29757265621866213,0.18181818181818182,0.881,0.09090909090909091,0.245
7,3,9,0.008436863904934023,0.0081246283383655,0.07712152541942871,2.1957067305515983,8.98634974105992,0.03096270876701289,0.11938191587219656,0.3528279982205014,0.2222222222222222,0.581,0.1111111111111111,0.279
7,4,9,0.011471252971805145,0.0056127019360014,0.141046762502778,2.172855936085118,8.783332892110117,0.08409994456990984,0.12534619974630834,0.3728439372101127,0.2222222222222222,0.966,0.1111111111111111,0.227
7,5,8,0.016023869966148227,0.01040166621577235,0.17742298101231252,2.0549064808533983,7.80610781795797,0.09838757850433999,0.14434160525341366,0.43140517051083566,0.25,0.898,0.125,0.246
7,6,7,0.016005700712714687,0.0069478194819462,0.18931076147187473,1.90342079764576,6.708804697579877,0.10406671810058832,0.167059908518237,0.48464751663461986,0.28571428571428575,0.978,0.14285714285714285,0.463
7,7,6,0.027131383037957913,0.02355018483306165,0.284107227133341,1.7133986997090886,5.547784726555708,0.1657426581473803,0.21696699684401213,0.6116744194672284,0.3333333333333333,0.999,0.16666666666666666,0.582
7,8,5,0.044567377102900464,0.0371894243468823,0.2994242411304372,1.571616511954694,4.814424481580166,0.12452812129219452,0.24024003342728864,0.6956574062548504,0.4,0.878,0.2,0.31
7,9,4,0.06833441210707389,0.0729330080167277,0.4199392043716761,1.3133503282990076,3.7186114344715486,0.16926077610160473,0.32605296088521146,0.8988594252834297,0.49999999999999994,0.947,0.25,0.487
7,10,3,0.020478485985816235,0.0069216042633195,0.06481628547048814,1.0982471252408943,2.998904709710503,0.013152801354391563,0.3403910762199641,0.9999999999999999,0.6666666666666666,0.704,0.3333333333333333,0.389
8,1,13,0.004141908864803085,0.002054043477642,0.056000130504674145,2.563944652958396,12.986945400564734,0.02239115134368524,0.07989231869530973,0.23895200610647094,0.15384615384615385,0.592,0.07692307692307693,0.149
8,2,13,0.006182631792731192,0.0033516881741684,0.10107905183236493,2.553386393733356,12.850547195389193,0.0595120666975318,0.08354347064792178,0.2503812610061443,0.15384615384615383,0.858,0.07692307692307693,0.173
8,3,12,0.008276802141901775,0.0040232331813992005,0.13397695715562916,2.4665499181997825,11.781728723754647,0.07979098083046576,0.09261885376301687,0.2770714887237571,0.16666666666666666,0.9,0.08333333333333333,0.179
8,4,11,0.0100495294165742,0.0045444981195612,0.20593117619329473,2.337928265911193,10.359751664243737,0.14077587308973252,0.11262689458588854,0.3298042849097394,0.18181818181818182,0.997,0.09090909090909091,0.494
8,5,9,0.010587780724086933,0.0054494150516021,0.12396028371972366,2.182042866666329,8.864396554636857,0.0704521503596413,0.12248783016424529,0.36534889652052704,0.2222222222222222,0.912,0.1111111111111111,0.189
8,6,8,0.011371797625100225,0.0084868473760184,0.16946560755077278,2.0319703188874474,7.629103326192412,0.10702911200416221,0.14310241836337642,0.42851354621899984,0.25,0.993,0.125,0.188
8,7,7,0.016519417079755502,0.0100607344627252,0.2012844009052487,1.9021547494061497,6.700316401632496,0.10361342143947207,0.16236745163816627,0.4845138748822361,0.28571428571428575,0.985,0.14285714285714285,0.209
8,8,6,0.029338429465128654,0.01888616304899755,0.23613559232389777,1.7602718927354797,5.814017968769164,0.10987626263528256,0.19808278904946028,0.572121983938929,0.3333333333333333,0.903,0.1666666666666667,0.353
8,9,5,0.042616183307116216,0.0182009510787952,0.30287481915652614,1.5693369051851889,4.803461986776681,0.12985177543784304,0.23918257821554054,0.7096963267815604,0.4,0.897,0.2,0.323
8,10,4,0.04572791187136792,0.04694195813189475,0.3794494433922908,1.274935059649529,3.578469015523751,0.1957611317493737,0.32510554936096026,0.9297123659767986,0.5,0.996,0.25,0.454
8,11,3,0.006217349342856167,0.0021962147114094,0.01887973867665771,1.098580660034294,2.999905115599093,0.0037649055225073744,0.33523508591328616,1.0,0.6666666666666666,0.686,0.3333333333333333,0.357
9,1,16,0.0064715220781258135,0.0041192093296943,0.16707672656974984,2.72411245214151,15.242879136625671,0.10966590381947527,0.07282479297021761,0.21531671647019235,0.125,0.98,0.0625,0.181
9,2,14,0.006157489654989685,0.004372431738361051,0.1170107204203923,2.622352673327023,13.768077299521053,0.05854114106207169,0.07758223221892008,0.23138216483278323,0.14285714285714285,0.937,0.07142857142857142,0.162
9,3,13,0.007462494947501992,0.0046657385825483,0.11067937583666107,2.5564295720236916,12.889713266074956,0.061006287339283136,0.08478425039090468,0.25289383376286345,0.15384615384615385,0.798,0.07692307692307693,0.13
9,4,11,0.009466408981634982,0.0053223182316673,0.14494257140503308,2.371125813564184,10.70944233522866,0.09611573288741516,0.10561376458637953,0.3113102889892394,0.18181818181818182,0.963,0.0909090909090909,0.338
9,5,10,0.008936419703203422,0.0036139648881378496,0.13090855165065857,2.2783972908301195,9.761023784045578,0.0849014783262243,0.11197794804603173,0.33362974636191717,0.2,0.951,0.1,0.205
9,6,9,0.01648474829508201,0.0131864489403092,0.26179992216087505,2.108867862980552,8.238908429355323,0.17586937902533684,0.13972050945661496,0.41745107943551735,0.2222222222222222,0.958,0.1111111111111111,0.22
9,7,7,0.03073669993251536,0.0220153662749341,0.3291351504553433,1.8800344435356728,6.553730591957095,0.15783645906338187,0.1751843504655372,0.5248701537957892,0.2857142857142857,0.928,0.14285714285714285,0.242
9,8,5,0.044789449278545716,0.0430292258444407,0.31959703088129976,1.556506925960808,4.742227328950872,0.13752353627554575,0.244819199991818,0.7039642870637917,0.4,0.948,0.19999999999999998,0.289
9,9,4,0.07667182535036042,0.05826738928050025,0.39462499075351604,1.3405977983120085,3.8213272056554106,0.12979628860560588,0.29839569788422304,0.8716712208966717,0.5,0.877,0.25,0.378
9,10,3,0.005842891387564733,0.0041568665571605,0.017574880193560845,1.09861008858039,2.9999933997441013,0.001119494490582203,0.33407600702430196,1.0,0.6666666666666666,0.717,0.3333333333333333,0.388
10,1,11,0.004330001349006745,0.0038158046513175,0.048053667947846955,2.397353942809774,10.994046981544518,0.017902288453412976,0.09553667296885407,0.28264614451429226,0.18181818181818182,0.603,0.09090909090909091,0.31
10,2,11,0.009197334056455727,0.0058311426747264,0.11843339889549385,2.389047151375842,10.90309998807284,0.062455705905346874,0.10154413581632599,0.3001641364588844,0.18181818181818182,0.814,0.09090909090909091,0.365
10,3,10,0.007005555451081391,0.0030047833282871,0.12798416329506668,2.2709666774307156,9.688762196372158,0.08153257975875121,0.11075111015323487,0.3306827621624907,0.2,0.988,0.09999999999999999,0.235
10,4,9,0.011564842495126777,0.0054391549360193,0.15349935465144143,2.1716866609403604,8.773068761237226,0.09144455050774486,0.12771904351060764,0.37554764286804854,0.2222222222222222,0.938,0.1111111111111111,0.402
10,5,8,0.015565667283436937,0.012476875436823801,0.20413020225836948,2.028561425936598,7.60314080650918,0.12165607047655835,0.15097646607486015,0.43946626092743246,0.25,0.996,0.125,0.426
10,6,7,0.01716073856048403,0.020233965801905,0.19634253405472993,1.8916480854005304,6.6302869605842485,0.12082896471646024,0.17056721585151866,0.4995669839482223,0.2857142857142857,0.999,0.14285714285714285,0.284
10,7,6,0.028471976287572615,0.024438326601164,0.2626313767984207,1.746015038432718,5.731716436185881,0.13313172072168733,0.20294680113276195,0.5982654953485779,0.3333333333333333,0.927,0.16666666666666666,0.337
10,8,5,0.03581495721977592,0.0229778520205835,0.3146293987757634,1.5321609235278637,4.628167139519131,0.16241693369733917,0.24612611054388975,0.7325240963712236,0.4,0.994,0.2,0.313
10,9,4,0.05874545754774697,0.0465060726502771,0.42917653734314476,1.294103363493526,3.6477238250492543,0.17808534854245073,0.31407348231084886,0.9160547524727995,0.5,0.982,0.25,0.351
10,10,3,0.0028852627992703,0.002536737356876,0.008646802239566586,1.098611021462811,2.999996198386513,0.0008569237555482445,0.33403205096089605,1.0,0.6666666666666666,0.762,0.3333333333333333,0.483
11,1,12,0.006172565621699649,0.00264825874372545,0.096273876576996,2.4743399048854595,11.873866644293908,0.052567195715565194,0.08990341436809272,0.26870912741508746,0.16666666666666666,0.886,0.08333333333333333,0.204
11,2,11,0.006635464399226237,0.0030024734777828,0.10844156163855065,2.3784723818273994,10.788409698799917,0.0656174265226836,0.09914545471887638,0.2967833799388577,0.18181818181818177,0.938,0.09090909090909091,0.174
11,3,10,0.00789100513722874,0.00303368843935245,0.10492296146478342,2.289924334754081,9.874190519852531,0.060989083002766974,0.10950097226566699,0.325507333252285,0.2,0.848,0.1,0.28
11,4,9,0.0108992584861045,0.0080995454317997,0.15716216041121328,2.160570699031589,8.676087680680006,0.10300319603522842,0.12924150884011282,0.3826707310894571,0.2222222222222222,0.985,0.1111111111111111,0.417
11,5,8,0.013009795691209788,0.007611764121813851,0.16259877057821856,2.04678308632137,7.742952589111805,0.08958907115996828,0.14016668747814273,0.4177333455258997,0.25,0.976,0.125,0.238
11,6,7,0.020193217966668474,0.0124559917961672,0.18820746942953046,1.923649303324937,6.8458956897778735,0.09018420594975853,0.1644844817853868,0.48084918596254334,0.2857142857142857,0.879,0.14285714285714285,0.354
11,7,6,0.025369473718368313,0.01976534436987425,0.20746900674320698,1.7630722144723245,5.830321907147681,0.09801139004208566,0.19252085044844952,0.5659462074458331,0.3333333333333333,0.893,0.16666666666666666,0.241
11,8,5,0.04005428773586634,0.0387750419269795,0.29122259818491203,1.5637070339366972,4.776495095534213,0.12740299471451202,0.23997284218160564,0.6955465291532409,0.4,0.923,0.2,0.292
11,9,4,0.08894866093068264,0.0826667005960912,0.4325307648353053,1.3534918210822435,3.870918514320802,0.12816636825337513,0.30610967888879276,0.8496275755715523,0.5,0.843,0.25,0.369
11,10,3,0.009940397640123668,0.0084199725867641,0.030237901492967578,1.0985903292687038,2.9999341225251,0.003364790679594313,0.3352968595949799,0.9999999999999999,0.6666666666666666,0.674,0.3333333333333333,0.341
12,1,11,0.004655936538216155,0.0029256401413186,0.05387413105226595,2.3966069656577633,10.985837746078547,0.02568401226938797,0.09588071444933632,0.2856097643671711,0.18181818181818182,0.692,0.09090909090909091,0.298
12,2,11,0.007097524199062209,0.0038970238018682,0.11049566632494555,2.3827825998088925,10.83501045383592,0.059903225729739,0.09926968037909652,0.29581671462417797,0.18181818181818182,0.899,0.0909090909090909,0.14
12,3,10,0.00784139420461097,0.00276811060025345,0.1233736750631715,2.2755336036267853,9.733111250601384,0.08234966076310091,0.11101901832747696,0.33231824441506724,0.2,0.986,0.1,0.227
12,4,9,0.010161280144352254,0.0043141381268829,0.13622262942057656,2.1724530206242116,8.7797946643408,0.08190712749354784,0.12433079692176159,0.36948215233691106,0.2222222222222222,0.954,0.1111111111111111,0.207
12,5,8,0.013980427834539125,0.01163664448356145,0.16732810502602335,2.0529800531775066,7.791084391235123,0.08385031886320649,0.14036239436267783,0.41633048476962753,0.25,0.926,0.125,0.243
12,6,7,0.01910142842102016,0.0129994181870127,0.17437524015536748,1.9248100389158194,6.853846578103305,0.07797907640229264,0.15826594223167523,0.4708252328896285,0.28571428571428575,0.893,0.14285714285714285,0.271
12,7,6,0.02896847939062511,0.01893652529113115,0.2576388023541502,1.749683542335281,5.752781875999751,0.12978249341843728,0.200679189427677,0.5924013501182941,0.3333333333333333,0.941,0.16666666666666666,0.268
12,8,5,0.03906523684707296,0.0252715561434957,0.3048042679002627,1.5513536689283183,4.717852272027141,0.13650826375249742,0.2378782711261283,0.7073106123642516,0.4,0.969,0.2,0.311
12,9,4,0.05317240703791615,0.0510561704659034,0.42049354559245605,1.2748372940447747,3.578119181437503,0.21453989494833214,0.3347844935213441,0.9258315662450093,0.5,0.999,0.25,0.447
12,10,3,0.002340291526259667,0.0011875777571209,0.007033998481246116,1.0986101881925292,2.9999936985798765,0.0010351018734648203,0.3339296901138052,0.9999999999999998,0.6666666666666666,0.699,0.3333333333333333,0.386
13,1,12,0.0053707033706445,0.00321737497875385,0.09566508771444691,2.4689059043130053,11.809519036958994,0.05763886570477306,0.09120878205989233,0.26891996261910533,0.16666666666666666,0.945,0.08333333333333333,0.36
13,2,11,0.008325085081154364,0.0063367978383044,0.11035647089511685,2.388885909665173,10.901342095305798,0.04840713765485609,0.09926457484061113,0.29240319175881613,0.1818181818181818,0.854,0.09090909090909091,0.218
13,3,10,0.00944983975971489,0.00639038586604,0.10949484806396707,2.295104397897148,9.925472156620115,0.055635855965641315,0.10944763581733087,0.3258175938685023,0.2,0.784,0.1,0.165
13,4,9,0.009612350987226988,0.007150321315792,0.09809879688112882,2.190220922158121,8.937187319328064,0.05267203547326263,0.12121064288367761,0.35907016165376276,0.2222222222222222,0.814,0.1111111111111111,0.269
13,5,8,0.012709860820521987,0.0058266114404826996,0.14207822042596055,2.057938082541996,7.82980873531866,0.08227994065774036,0.13927126802116568,0.41586757983560346,0.25,0.909,0.125,0.192
13,6,7,0.0170265378421073,0.0141803857989178,0.19222746073739153,1.8965188512071398,6.662660313106063,0.12441616729200763,0.1709212872514082,0.5002171305942258,0.2857142857142857,0.992,0.14285714285714285,0.358
13,7,6,0.030587278733191416,0.025731275223598353,0.24670441157412726,1.7585381161982634,5.803946494194004,0.11226903047838614,0.19638744459074498,0.5802442690635234,0.3333333333333333,0.898,0.16666666666666666,0.269
13,8,5,0.03114163151457458,0.0307039493190234,0.32141022582524276,1.5247616116136622,4.594048271004596,0.15499088022780896,0.2449657228408899,0.715116405072536,0.4,0.996,0.2,0.307
13,9,4,0.05159890143678206,0.050404777149925195,0.3834441595782163,1.283654896078121,3.6098091217238366,0.18566638160365567,0.32054156961671565,0.923928137509906,0.5,0.997,0.25,0.417
13,10,3,0.008339501197351001,0.0111513697915357,0.025298366090264895,1.0985841260354245,2.999915513291634,0.004051368449705291,0.33660362968953667,1.0000000000000002,0.6666666666666666,0.752,0.3333333333333333,0.447
14,1,12,0.0020789940276656083,0.0018814203486743,0.024564813454948913,2.484864157901383,11.999490108193802,0.005026420313627285,0.08482485430160322,0.2531425204944844,0.16666666666666666,0.37,0.08333333333333333,0.298
14,2,12,0.004591129493514367,0.0022699780587484,0.08509299713640972,2.4668656739731425,11.785449460010396,0.05943111582244794,0.09050441527286097,0.26993780646042154,0.16666666666666666,0.974,0.08333333333333333,0.221
14,3,11,0.0057363812506819635,0.0030433946208858,0.0793162081713158,2.3874773102009272,10.88599728055691,0.05409146556557913,0.09971880915898947,0.2951021541017594,0.18181818181818182,0.934,0.09090909090909091,0.377
14,4,10,0.006129224867836249,0.0023659472018929,0.0826004271669217,2.288898407022632,9.864065508625576,0.05929940905316951,0.1081491202497207,0.322777809560962,0.2,0.951,0.1,0.31
14,5,9,0.007203217802190511,0.0040285175261513,0.11627168148579996,2.159776219703968,8.669197445810086,0.08840563731814122,0.1250421776101836,0.37048056091689807,0.2222222222222222,0.997,0.1111111111111111,0.3
14,6,8,0.009410328839299226,0.00629598540708095,0.15956312838538475,2.020766760680933,7.544107241360949,0.11158733846664748,0.14381861877207439,0.42998635466357527,0.25,1.0,0.12499999999999999,0.289
14,7,7,0.019718600090269156,0.0119638129449761,0.177579954651901,1.9239813394474685,6.848169151852841,0.08796876779007855,0.1618188328855005,0.48036801533227236,0.2857142857142857,0.896,0.14285714285714285,0.2
14,8,6,0.044346656404338415,0.03269943689361685,0.36905379798361687,1.7306342410053777,5.644232577183461,0.16235869852270154,0.21077211908840907,0.6231822051288728,0.3333333333333333,0.899,0.16666666666666666,0.277
14,9,4,0.07834024873423814,0.06053138565596945,0.4234105434181904,1.3377189172576849,3.8103418794715482,0.12921443879293348,0.29668110013527144,0.8753236065401195,0.5,0.858,0.25,0.365
14,10,3,0.0028418337132044666,0.0025206780838004,0.008515076278371348,1.0986114721415723,2.999997550421388,0.0006421001985096689,0.3339308636102708,0.9999999999999999,0.6666666666666666,0.736,0.3333333333333333,0.409
15,1,13,0.005059356197715354,0.0021505530451702,0.09845199856066628,2.546748022851528,12.765523020312461,0.0590236780928703,0.08348182680209519,0.2484118340202197,0.15384615384615383,0.955,0.07692307692307693,0.213
15,2,12,0.007688030253511873,0.00395087094663795,0.10258070725551645,2.4793615714784094,11.933643207118905,0.046854288110146136,0.08985689319386247,0.26789350853479355,0.16666666666666666,0.757,0.08333333333333333,0.173
15,3,11,0.009216468282569164,0.0038707606457616,0.13935231110249227,2.3764436391788926,10.766544978379033,0.08061639485468351,0.10143998287486931,0.30293337873722564,0.18181818181818182,0.911,0.09090909090909091,0.267
15,4,9,0.008977955723674956,0.0029845447879786,0.10530424885156811,2.1858513065241327,8.898220443030867,0.05435694119433264,0.11901712945348165,0.3565870228672448,0.2222222222222222,0.863,0.1111111111111111,0.214
15,5,8,0.006711044537460063,0.0050061899634002,0.0526497413413278,2.0786744241519717,7.993865413052507,0.01931156068724027,0.12971365995355855,0.38831672422117147,0.25,0.664,0.125,0.253
15,6,8,0.014991787013016563,0.01098379940965205,0.16285888119976094,2.059607511477191,7.842890961463537,0.0745093756278965,0.1395605555777874,0.41297039224060833,0.25,0.86,0.125,0.221
15,7,7,0.012932846917079842,0.0097629778600093,0.09283857406077868,1.9431607436653235,6.980780595344438,0.03803890059409503,0.1523743458879201,0.453481188143112,0.2857142857142857,0.76,0.14285714285714285,0.292
15,8,7,0.03264719355247998,0.0283355664142185,0.33724125595240834,1.8789113608619947,6.546374342292796,0.1656728408514052,0.18344372527681693,0.5300042327149032,0.2857142857142857,0.959,0.14285714285714285,0.26
15,9,5,0.07748290676811558,0.0738996865057499,0.55322552307742,1.5050506456483965,4.504381751846201,0.227084069334218,0.286630386312897,0.8074112775149913,0.4,0.916,0.2,0.398
15,10,3,0.007684132133185399,0.0072602175537655,0.023169485483966537,1.0986067416828587,2.9999833590904004,0.0017326864694829542,0.3344025433341087,1.0,0.6666666666666666,0.688,0.3333333333333333,0.358
16,1,12,0.002693587483413066,0.00186553237504395,0.033016635851911065,2.484478064158926,11.994858074407523,0.0119748348128678,0.08537145434935085,0.2548002774863878,0.16666666666666666,0.71,0.08333333333333333,0.179
16,2,12,0.004244568353049183,0.002631477229809,0.053089909061471714,2.4830444550686606,11.977674457073647,0.03182701728132198,0.08817188054828341,0.26411348174518884,0.16666666666666666,0.715,0.08333333333333336,0.253
16,3,11,0.005737834006495138,0.0022986463137625,0.10596204401604342,2.3677481464136076,10.673330424990738,0.0862038043856356,0.10138657101484633,0.3033867256180125,0.18181818181818182,0.998,0.09090909090909091,0.221
16,4,10,0.007735068930614859,0.00418538549832435,0.11157632917502647,2.2810969258607536,9.787410587131172,0.07554594233559157,0.11093486572624772,0.3308344313881653,0.2,0.971,0.1,0.225
16,5,9,0.011268902534061622,0.0073840218722331,0.15264428690092344,2.1708035555150413,8.765324636560026,0.09229038493739357,0.12832976094111653,0.37583666793993153,0.2222222222222222,0.949,0.1111111111111111,0.423
16,6,8,0.013831565302579438,0.0089011472533846,0.15287682213697973,2.0560768232787963,7.8152489852191,0.08023655167552968,0.1419650114254003,0.41508949240412707,0.25,0.933,0.125,0.298
16,7,7,0.015355065549121886,0.0157194041358892,0.21334248470396158,1.8615224976779476,6.433524344635489,0.13951897458219178,0.17148189259272026,0.5066878814002985,0.2857142857142857,1.0,0.14285714285714285,0.312
16,8,6,0.026046457743418114,0.0176333461771023,0.28850034757165827,1.7186625312565016,5.577064324647301,0.1482783642790261,0.20207382123666076,0.5967515349319236,0.3333333333333333,0.994,0.16666666666666666,0.241
16,9,5,0.03972915057401018,0.030468980836723,0.3169894137941337,1.544625719662432,4.68621733973704,0.1318252329201144,0.23392459013118336,0.6997726859778574,0.4,0.975,0.2,0.303
16,10,4,0.07696453086516805,0.07344451846891045,0.3938043933933745,1.3469885808606592,3.845826678892898,0.13762508112167615,0.30972517627568946,0.8596720700758229,0.49999999999999994,0.858,0.25,0.363
17,1,12,0.004399413501930208,0.0014625571508801,0.05926554976666435,2.482721303339092,11.97380447618582,0.030962239996684016,0.08756427269834911,0.2621547536583735,0.16666666666666666,0.716,0.08333333333333333,0.246
17,2,12,0.0056069160974674915,0.0016532072699697998,0.0904501810861202,2.4708462854285522,11.83245625095374,0.05896976257283774,0.08990651171692966,0.26886322315322425,0.16666666666666666,0.962,0.08333333333333333,0.162
17,3,11,0.007262967444387426,0.0024699366693068,0.13387026685610962,2.369232002481022,10.689179867338826,0.08169664775722231,0.10018676704890955,0.29977088330411195,0.1818181818181818,0.981,0.0909090909090909,0.185
17,4,10,0.00806781789292441,0.0053277176323868,0.12129073411375693,2.28043356518325,9.780920156799224,0.07230412117753264,0.11016154594755022,0.32896762058102585,0.2,0.958,0.1,0.216
17,5,9,0.0094591497962585,0.0022682569738878,0.10231454927548361,2.1888806020118667,8.925216651169036,0.05681259860860502,0.12133982119950566,0.36124686425096153,0.2222222222222222,0.818,0.1111111111111111,0.272
17,6,8,0.006594067196860875,0.0051820032364005,0.051611683906632226,2.07851758980664,7.992611798711245,0.020445258435599634,0.12904883792223623,0.38586540807920267,0.25,0.763,0.125,0.206
17,7,8,0.01516257525703055,0.01305546693730945,0.147027860645794,2.066516658244095,7.897266273392198,0.06885371949409258,0.13861932886977704,0.41342283691525783,0.25,0.831,0.125,0.195
17,8,7,0.02103882701340177,0.0149358652111287,0.19876076626163133,1.9208626276618275,6.826844955304345,0.0961658644709552,0.16559621504692282,0.48740143477899855,0.2857142857142857,0.891,0.14285714285714285,0.231
17,9,6,0.03866428782134206,0.0296395579192478,0.273475298404319,1.773462025241959,5.891213627453221,0.09016470897813249,0.19251783107324763,0.5625551929616073,0.3333333333333333,0.763,0.16666666666666666,0.234
17,10,5,0.04072308495684332,0.0338325186797454,0.3706726593285582,1.518193176917288,4.563971451892567,0.1827652279772746,0.2541544899571733,0.7499327417364552,0.4,0.994,0.19999999999999998,0.306
17,11,4,0.035608763666208874,0.02441621824075645,0.35641555935606156,1.271867519276516,3.5675087364887803,0.19065757823608598,0.3184563122411615,0.9321544011752796,0.5,0.997,0.25,0.439
18,1,12,0.0036737317940549324,0.00185611642789255,0.0459622025828799,2.4841554408500715,11.990988877786387,0.016813560180079623,0.0863459146356422,0.25715160683531146,0.16666666666666666,0.709,0.08333333333333333,0.274
18,2,11,0.006805558195397663,0.0045598975422851,0.08373322912424187,2.3923107691803076,10.93874166809298,0.045175731404379735,0.09751254794106709,0.29154044139797197,0.18181818181818182,0.837,0.09090909090909091,0.204
18,3,9,0.004837989066981956,0.0035527962285666,0.044220834966675455,2.1966289116774176,8.994640605432899,0.014816456002200261,0.11373964765019315,0.3400252107551709,0.2222222222222222,0.737,0.1111111111111111,0.19
18,4,9,0.006137935267824667,0.0039614790985144,0.05704290551215067,2.1956224581037787,8.985592471279215,0.025485692079588656,0.11583336085692478,0.34641278429344435,0.2222222222222222,0.756,0.1111111111111111,0.179
18,5,9,0.009766527303960056,0.0037347548837788,0.13269311396857134,2.1745565698479887,8.798282833161094,0.075527798961247,0.12184286246656775,0.3649671419064049,0.2222222222222222,0.944,0.1111111111111111,0.202
18,6,8,0.01529382654171065,0.0120808018909137,0.1661882800942214,2.0571116426453466,7.823340542151255,0.08710615642870012,0.1420080881851891,0.42168388720551153,0.25,0.899,0.125,0.175
18,7,7,0.017233168332124172,0.0130764268874422,0.19890682788553132,1.89835954121218,6.6749354992917995,0.11192259115962903,0.16729347676659811,0.49105711514324424,0.2857142857142857,0.993,0.14285714285714285,0.31
18,8,6,0.026516846634113602,0.01554137603512835,0.23013379807040213,1.7580257255501808,5.8009733680544695,0.10413996652293293,0.19240546316932747,0.567378827898024,0.3333333333333333,0.903,0.16666666666666666,0.273
18,9,5,0.053159274132678,0.0481394884425437,0.319596910073091,1.5844784785761354,4.87674738695627,0.10382531900431484,0.23570065222069217,0.6790179480001612,0.4000000000000001,0.807,0.2,0.301
18,10,4,0.07233001583147736,0.054744723907261754,0.41263391865182286,1.3294732926802186,3.7790524087177326,0.14869866301539658,0.30656448055712054,0.8836932029057116,0.5,0.908,0.25,0.396
19,1,13,0.006754771812873247,0.0029789384957888,0.12595773015294734,2.5468270400187354,12.766531755632629,0.06534025682259384,0.08375698626536625,0.25035988451876745,0.1538461538461538,0.924,0.07692307692307693,0.167
19,2,12,0.0071320486779666405,0.00272779022850605,0.11484175223259979,2.471275721701849,11.837538628070533,0.05932275749678043,0.0901848415848362,0.26929193986623257,0.16666666666666666,0.886,0.08333333333333333,0.226
19,3,11,0.009411903913448717,0.0056670697580741,0.14488000831657508,2.3787096743781566,10.790970011815547,0.06838241869073514,0.10000647701176173,0.2985207328810239,0.18181818181818182,0.922,0.09090909090909091,0.235
19,4,10,0.0111560993751794,0.0092752867565975,0.15336482041993008,2.284527918571066,9.821048794732723,0.07254013705013591,0.1113949008894962,0.3316655487236189,0.19999999999999998,0.87,0.1,0.175
19,5,9,0.010245272749484745,0.0069750435886795,0.1002843629275669,2.1942981248203637,8.973700428350506,0.04017523321616107,0.11931381205442017,0.35470975443295266,0.2222222222222222,0.631,0.1111111111111111,0.209
19,6,9,0.011818433680940389,0.0112649486844096,0.13714324388933385,2.1796408816711423,8.84312995836866,0.07124083646890493,0.12397214290431542,0.3675848947506425,0.22222222222222227,0.899,0.1111111111111111,0.216
19,7,8,0.015793180419351502,0.00852882280856935,0.1748535292079777,2.052722720814513,7.7890797510189085,0.0985196081873092,0.14421263370291118,0.428997716216584,0.25,0.921,0.125,0.295
19,8,7,0.019902724416705042,0.0181928138915864,0.22883145678387404,1.882354593797224,6.568953885038834,0.1340464010137519,0.17468543969198957,0.5047657759671356,0.2857142857142857,0.999,0.14285714285714285,0.434
19,9,6,0.028528429423883683,0.0209535840590986,0.3055731950606268,1.7149385327201558,5.556333969129672,0.15444114325547176,0.20355121175668156,0.6054249888082937,0.3333333333333333,0.996,0.16666666666666666,0.242
19,10,5,0.027884255192256922,0.0257822829371578,0.36997985276234735,1.4889113071293507,4.432267513330281,0.1727915198347283,0.24686380711215758,0.7295593685489324,0.4,1.0,0.2,0.315
19,11,4,0.08298958305756024,0.08243965716251081,0.45900172719475424,1.3245995202689091,3.7606789776775518,0.15778909144077424,0.3124765942956839,0.8882465383941218,0.5,0.929,0.25,0.363
20,1,12,0.003675471051465208,0.0024056241597867,0.046247922440589645,2.4838263414688626,11.987043300045832,0.021041829851622545,0.08750593043910079,0.25813936807362864,0.16666666666666666,0.717,0.08333333333333333,0.264
20,2,12,0.006633446945761043,0.0041353283355363,0.0899128727616605,2.479746846534362,11.938241827983319,0.03794882454491081,0.08813155699140626,0.26323980705796135,0.16666666666666666,0.788,0.08333333333333333,0.154
20,3,11,0.008575829151651455,0.0023908417495333,0.16196843595882732,2.359489652922852,10.58554777030979,0.09890430998536394,0.10382861036906116,0.30928546123077216,0.18181818181818182,0.99,0.09090909090909091,0.242
20,4,10,0.010219966196625779,0.00715853894526795,0.12369004691435195,2.2918735435348054,9.893456148983265,0.06491361031279705,0.10998683644360346,0.3291175729610797,0.2,0.819,0.1,0.148
20,5,9,0.014104543537279421,0.0074422779534907,0.16657187743046142,2.1787620366453613,8.835361631670052,0.07850201270381835,0.12453094702342274,0.370108032100935,0.2222222222222222,0.884,0.1111111111111111,0.159
20,6,8,0.014308731802612887,0.009497168435794949,0.18598567390368342,2.036537675922117,7.664027860633905,0.10215193321886984,0.14263851351575843,0.4245062992619898,0.25,0.986,0.125,0.218
20,7,7,0.0221800833482553,0.0149248095731086,0.20862211994476487,1.9227643895704751,6.839840342145729,0.08700073602121984,0.1613103213817413,0.4799929586995919,0.2857142857142857,0.851,0.14285714285714285,0.197
20,8,6,0.047264439225219994,0.0485410658922106,0.4650098488063295,1.6882307071029343,5.409900533977366,0.2186682241197504,0.2291836017453273,0.6748112860682208,0.3333333333333333,0.92,0.16666666666666666,0.288
20,9,4,0.0853976679247168,0.0766784795689882,0.4810986247278237,1.3331765480428455,3.7930731499851236,0.14876760292218938,0.3120247373035532,0.8790987780879469,0.5,0.873,0.25,0.396
20,10,3,0.024380692844136197,0.021453890660048,0.07549668403854849,1.09844345647879,2.999493546186097,0.009928396415577781,0.3413324284856376,1.0,0.6666666666666666,0.742,0.3333333333333333,0.433
21,1,13,0.004183977676164216,0.0022434517609483,0.05799715370747363,2.5634596070491904,12.980647663294436,0.02394872244237744,0.08056070224698003,0.23891125310274486,0.15384615384615383,0.706,0.07692307692307693,0.285
21,2,13,0.007487944669932684,0.0027981334950873,0.14525032186965228,2.5378920104951987,12.652970509536344,0.0881193171874162,0.0860221031204776,0.25784218429082156,0.15384615384615385,0.945,0.07692307692307693,0.207
21,3,10,0.00682316147282566,0.00326584164101835,0.07877396430469755,2.2976967012962266,9.951235370435077,0.043252963797525724,0.1067843333220341,0.3195182513245586,0.2,0.796,0.1,0.211
21,4,10,0.0081557958434123,0.00358753741904995,0.14976076004075883,2.2568412427525684,9.552866272928245,0.10160097200508247,0.11353784020214279,0.3382943771435551,0.2,0.999,0.1,0.217
21,5,9,0.0059952383707466885,0.0046363994110114,0.0542623268385323,2.1967069732998916,8.99534276907779,0.016938523442619886,0.11510825631824032,0.3436274194752479,0.2222222222222222,0.614,0.1111111111111111,0.2
21,6,9,0.009687597259687646,0.0045744289945971,0.15827187515809668,2.1567911406020817,8.64335779157784,0.09521740442800702,0.1264068708340038,0.37412481052936664,0.2222222222222222,0.991,0.1111111111111111,0.276
21,7,8,0.012259290982916386,0.0059819659288887,0.1440397164541709,2.0571916463622797,7.8239664635111446,0.07199104207162632,0.13702886233379571,0.40949963146997226,0.25,0.92,0.125,0.192
21,8,7,0.019161620932882786,0.0082602430204897,0.18830121298844874,1.918389712656528,6.809983604911413,0.09131396318121839,0.16412521626374976,0.479900947931005,0.2857142857142857,0.923,0.14285714285714285,0.393
21,9,6,0.03226877532703933,0.02897757946123565,0.24496621134857555,1.7678190921593506,5.858063523054226,0.09154263146604717,0.19259773197908392,0.5583555197030297,0.3333333333333333,0.833,0.16666666666666666,0.235
21,10,4,0.050967128644736674,0.0549651637743066,0.2072291411555476,1.3853273893744238,3.9961339824842237,0.024266289398728658,0.2656200686814609,0.762537691605669,0.49999999999999994,0.594,0.24999999999999997,0.296
21,11,4,0.08124255126628008,0.06706320305810401,0.4364946414205929,1.3350326295404193,3.8001199405635218,0.13356712301467066,0.2965123051342207,0.8783707243927326,0.5,0.883,0.25,0.348
22,1,12,0.0039390653504243174,0.0015205506952884,0.05330676825135663,2.482841044293501,11.975238316804715,0.02770506368760654,0.08698953750051716,0.25961714608371267,0.16666666666666663,0.719,0.08333333333333333,0.232
22,2,12,0.005774380263287609,0.00258946849882555,0.10626368434230499,2.466360731302074,11.779499985878404,0.059714926525662605,0.0893629810100668,0.2679804612680892,0.16666666666666663,0.947,0.08333333333333333,0.17
22,3,11,0.0060207361133562814,0.0035315533680587,0.08676481012558673,2.3876389077479754,10.887756573159479,0.048372482329727066,0.09768062245915653,0.29175825245745196,0.18181818181818182,0.886,0.09090909090909093,0.206
22,4,10,0.00950585104440011,0.0033900270099662,0.13203005052381803,2.28342639054916,9.810236590347134,0.08230704479722561,0.1128592131951365,0.3339304037685191,0.2,0.896,0.1,0.321
22,5,9,0.007394846107863721,0.0060342051983684,0.06748832495507612,2.1963843059043264,8.992440733475588,0.021357880722880966,0.11538250481842306,0.3451317946616741,0.2222222222222222,0.679,0.1111111111111111,0.187
22,6,9,0.008304580435005822,0.0056293787308927,0.1284133963847297,2.1591188825967507,8.66350073317459,0.09192968557591029,0.12699203884074597,0.3767085563555109,0.2222222222222222,0.999,0.1111111111111111,0.372
22,7,8,0.022865370164877864,0.02554217336869745,0.26355453850294874,2.0235139139461893,7.564860553415141,0.15612249649783794,0.1572522756685389,0.4657485937819477,0.25,0.914,0.125,0.213
22,8,6,0.032805156409709116,0.020125837790698597,0.28321468234703273,1.7507037919960484,5.758654144837978,0.12473164274183457,0.20085195274051554,0.5851040573991039,0.3333333333333333,0.907,0.16666666666666666,0.351
22,9,5,0.07539997358098352,0.0738250353881698,0.5443498644520572,1.5025083575945264,4.492944860025073,0.2259838998905682,0.27910345299098543,0.8119382585323478,0.4,0.941,0.2,0.379
22,10,3,0.0275440944161516,0.0045278504836526,0.09050815302899884,1.0974849724188789,2.9966199567990777,0.022732668559016716,0.34519417189436663,1.0,0.6666666666666666,0.764,0.3333333333333333,0.434
23,1,13,0.0028836734558413384,0.0020046343700909,0.037881496484866654,2.5643459826498933,12.992158493370328,0.01787561698069964,0.07968773270579044,0.23804057046165544,0.15384615384615385,0.714,0.07692307692307693,0.214
23,2,13,0.006627883911360631,0.0035900378902259,0.10459564066213324,2.5542519664956163,12.86167509433001,0.060410036265518045,0.0840560160939546,0.25087346568155877,0.15384615384615383,0.86,0.07692307692307693,0.193
23,3,12,0.0067904474529668,0.00275526030889545,0.11558913731971622,2.4679716258656264,11.79849081036825,0.06617864184976237,0.09094689865335583,0.27212718536290986,0.16666666666666666,0.903,0.08333333333333333,0.178
23,4,11,0.01157286979275038,0.007900491413974,0.17417130839868156,2.3698022070084686,10.695276624127848,0.09674156071300014,0.10428508808537262,0.3101875116594784,0.18181818181818182,0.94,0.09090909090909091,0.175
23,5,9,0.0055114275065196346,0.0046445847690781,0.050138931158339055,2.196544488165335,8.99388127833605,0.019248308924945334,0.11663877298465267,0.3434473112328251,0.2222222222222222,0.646,0.1111111111111111,0.327
23,6,9,0.0073595238763497,0.0058759264326246,0.13134391668726633,2.144569437857121,8.538364149378635,0.0983573404423576,0.12710582949137983,0.3744332884324729,0.2222222222222222,1.0,0.1111111111111111,0.28
23,7,8,0.012880653283454687,0.00831593031235145,0.1537349131326086,2.0524198283843336,7.786720854988171,0.08373144882920602,0.14093719126302232,0.4184087091687094,0.25,0.94,0.125,0.318
23,8,7,0.02274488677751044,0.0167551707151187,0.22191849767207472,1.9106777472445649,6.7576672371936315,0.11174382646092747,0.16831333375190735,0.4940903742863333,0.2857142857142857,0.947,0.14285714285714285,0.351
23,9,6,0.02701396823366672,0.0198809030296443,0.2670742445306709,1.7414783502489575,5.7057723206358695,0.11551900508931585,0.19230582818867836,0.5747777563046006,0.3333333333333333,0.949,0.16666666666666666,0.212
23,10,5,0.05247732577684057,0.0435115859260771,0.37742680874690393,1.5600425171841188,4.75902358111827,0.11801228460172837,0.2313571498676834,0.6881230772790832,0.4,0.908,0.2,0.268
23,11,4,0.051877387913583574,0.0389462113830222,0.3930637733226556,1.2981598256126972,3.662550730625927,0.1751925438336499,0.31452928202719455,0.9128980646135567,0.5,0.978,0.25,0.39
24,1,12,0.004931404985546242,0.0037745147531755,0.062860303259071,2.483775803638473,11.986437516192293,0.023900790023091794,0.08794580813424481,0.2601589884585192,0.16666666666666666,0.609,0.08333333333333333,0.167
24,2,12,0.0058765583946144345,0.00229977906501585,0.09569753528488367,2.47157324759045,11.84106112626092,0.05731062607347237,0.08952546358418592,0.26828818777962093,0.16666666666666666,0.907,0.08333333333333333,0.187
24,3,11,0.008339636266365046,0.0037671598477721,0.1255512226740728,2.381107472264142,10.81687562269523,0.07408415792027254,0.10070602859614987,0.30052744496699335,0.18181818181818182,0.912,0.09090909090909091,0.156
24,4,10,0.007503982129807979,0.00318979615613265,0.12776794585071038,2.274536955629891,9.723415597149284,0.08291001652442738,0.11114032707351404,0.3319965722009103,0.2,0.961,0.09999999999999999,0.193
24,5,9,0.009566509621591345,0.003823238194425,0.11865250329955855,2.1770806963508917,8.8205188635112,0.07344335014842171,0.12323041312450474,0.36521438251902494,0.2222222222222222,0.964,0.11111111111111113,0.219
24,6,8,0.015095615216619913,0.0110496220635946,0.1626098489877543,2.0604695747384945,7.849654944695656,0.07519052616358213,0.13964366409619308,0.4136004958708941,0.25,0.857,0.125,0.181
24,7,7,0.034839456456076466,0.0349884704971375,0.3259467832916619,1.8940876170871273,6.646481501231787,0.14861589177671344,0.17590150712098065,0.5247980522372069,0.2857142857142857,0.875,0.14285714285714285,0.227
24,8,5,0.03482522499857048,0.0437718215267585,0.34335620287439916,1.503912065328246,4.499256069983082,0.17585883957985687,0.2544019776325518,0.7285985541561435,0.4,1.0,0.19999999999999998,0.37
24,9,4,0.07266595190607393,0.054778938514172704,0.44121853061420946,1.3235914799389117,3.7568899716561677,0.1425495980361251,0.29853842520660306,0.8906794804128746,0.5,0.908,0.25,0.324
24,10,3,0.019740816673493502,0.0179824880572036,0.06029563783058961,1.0985889034637766,2.999929845207296,0.0035350754826925326,0.33649319354129903,1.0,0.6666666666666666,0.71,0.3333333333333333,0.386
25,1,13,0.0036433366350302923,0.001737353656318,0.05140067885771314,2.5627779205240144,12.971801946039987,0.026785347767444116,0.08061888331130353,0.24009590816908755,0.15384615384615383,0.781,0.07692307692307691,0.207
25,2,13,0.007064907091904077,0.0053599513316294,0.14492234981065535,2.5311386481108156,12.567808303737364,0.09781961013095661,0.08746997469120218,0.26201981965178944,0.15384615384615383,0.986,0.07692307692307693,0.168
25,3,11,0.0044379707419986,0.0039338220028747,0.048251112086401454,2.397058061745212,10.990794532412556,0.02295376710508505,0.09599262962378205,0.28652808035286825,0.18181818181818182,0.635,0.09090909090909091,0.279
25,4,11,0.006661179367114418,0.0037585747620808,0.08354237524179385,2.392156725305017,10.93705675171448,0.04395701508688516,0.09831812331901649,0.29150411232846174,0.1818181818181818,0.817,0.09090909090909091,0.256
25,5,10,0.007716350466964351,0.00266993010586955,0.10689844102536195,2.2850015599703366,9.825701551808368,0.07361768423440011,0.10986926612094865,0.32912843097499267,0.2,0.924,0.1,0.2
25,6,9,0.008605719089136566,0.0042841674746309,0.12861819156658905,2.1704669805748953,8.762374944369197,0.07611494878728091,0.12207658767968457,0.3652232805699106,0.2222222222222222,0.976,0.1111111111111111,0.195
25,7,8,0.021312461711047937,0.01203501425363145,0.24849979108145645,2.0327920263255206,7.635374793444141,0.1341852867875809,0.1501551992677887,0.44502382485042274,0.24999999999999997,0.948,0.125,0.216
25,8,6,0.02516402610126325,0.01729622551093955,0.21161672564747722,1.7559948159007392,5.789204070500417,0.11893934125500986,0.20062868029711306,0.5827169213243637,0.3333333333333333,0.927,0.16666666666666666,0.461
25,9,5,0.04551715222954096,0.0367370935300655,0.2990150907267421,1.5764395872195573,4.837700900049488,0.11948390401318391,0.2435080160484833,0.6877759204149959,0.4,0.85,0.2,0.418
25,10,4,0.05229099222686887,0.0422514330766751,0.37551857851866816,1.3067974335496209,3.694323430406129,0.17487136815824833,0.31821033173413477,0.9049673891903309,0.5,0.975,0.25,0.462
26,1,10,0.01492186695318671,0.0092927389607343,0.21115712695684113,2.262649947320466,9.608517525248555,0.12387044100340124,0.11827290502771806,0.3537954613468755,0.19999999999999998,0.884,0.1,0.158
26,2,8,0.02688101288965825,0.01840837497830465,0.31665526122962645,2.027600437882194,7.59583778863667,0.14479742945523477,0.15288478589659035,0.45534890810578965,0.25,0.845,0.125,0.205
26,3,6,0.07654970125217918,0.07074256573729701,0.6651486546719126,1.6091410382767366,4.998515849527042,0.31672191536116473,0.28232530391492283,0.7821773467960424,0.3333333333333333,0.856,0.16666666666666666,0.392
26,4,3,0.027605215845400766,0.0267138044423512,0.08582485177326604,1.0984664226838579,2.999562433961021,0.009146143130330278,0.34093865419961583,1.0,0.6666666666666666,0.765,0.3333333333333333,0.426
27,1,13,0.005512994115838884,0.0025148009599007,0.10528122644566396,2.547888032506348,12.780084138134907,0.05705127121076755,0.08418791233395403,0.24873298589417334,0.15384615384615385,0.928,0.07692307692307693,0.211
27,2,12,0.006312962579066875,0.00377412735578035,0.10363554330997797,2.464762357234386,11.760686977688149,0.07003278905795869,0.09254343064517476,0.274578906254396,0.16666666666666666,0.987,0.08333333333333333,0.212
27,3,11,0.007991809364923356,0.0036900693973072,0.10664534887402287,2.3883647944895894,10.895662720438446,0.06006724218660282,0.09971506387343383,0.29862000400773436,0.18181818181818182,0.819,0.09090909090909091,0.151
27,4,10,0.009965057241417481,0.0038736736743685,0.12981479407585828,2.2886700741399717,9.861813475229663,0.07012141179166811,0.11082943230249721,0.33006711904832003,0.2,0.839,0.1,0.207
27,5,9,0.0061353838979608215,0.0047602529290508,0.055620443177414866,2.1961889074372185,8.990683795997743,0.021524606126375585,0.11592594155390477,0.3450784100177714,0.2222222222222222,0.728,0.1111111111111111,0.169
27,6,9,0.013110807305593367,0.0081956476923964,0.14776391781663217,2.1810875166617016,8.855931997298608,0.07000375161696087,0.12218732120603049,0.3648624867990801,0.2222222222222222,0.877,0.1111111111111111,0.235
27,7,8,0.03210442106890327,0.031587973392546945,0.3388124879964782,2.036260756614932,7.661905837176685,0.14112161480247454,0.15654337100053614,0.4566485630872783,0.25,0.797,0.125,0.21
27,8,6,0.0567075952740336,0.056710364419261694,0.5400837428670868,1.676702436384776,5.347891849265446,0.23422133233772188,0.23696345908695843,0.6792280969377931,0.3333333333333333,0.936,0.16666666666666666,0.29
27,9,4,0.04032721687581165,0.03200651623920415,0.17776532684480545,1.3830492536138537,3.9870406086575563,0.03951357089017815,0.26615374682871673,0.7835371155089312,0.5,0.717,0.25,0.31
28,1,12,0.0038581185333450498,0.0030850165222903996,0.047312041804958925,2.4844953643498626,11.99506558953749,0.015936320410255906,0.08697677397264379,0.2578281603458807,0.16666666666666666,0.535,0.08333333333333333,0.24
28,2,12,0.008309498478304518,0.00458754930705245,0.1340614508375247,2.468732546658649,11.807471943884426,0.06505949408996543,0.09522678721159716,0.27437344538263353,0.16666666666666666,0.895,0.08333333333333333,0.339
28,3,10,0.00825183074966836,0.0065152260706571995,0.08891706742405507,2.299562599111867,9.969820692539473,0.03711576829779748,0.10859351711147298,0.31935031238459255,0.2,0.701,0.1,0.244
28,4,10,0.00839003576390016,0.0049855734512898,0.14249883447029554,2.271901043480663,9.697819277490083,0.08469877182649732,0.11129793254207784,0.3325337412613772,0.2,0.969,0.1,0.204
28,5,9,0.0071026388942217345,0.0052745599705265,0.06575759799292341,2.1959375119763735,8.988423862981891,0.027727044969034824,0.11725517872921164,0.34946480652877027,0.2222222222222222,0.646,0.1111111111111111,0.283
28,6,9,0.014278617973398133,0.0073814315819614,0.21817267481864022,2.162245267749911,8.690628557158,0.0944882115089673,0.1256313295006339,0.374191669869619,0.2222222222222222,0.934,0.1111111111111111,0.16
28,7,8,0.01550233474695535,0.00967113197009365,0.15960645714782845,2.0613263662458032,7.85638334439383,0.07781173775825145,0.14123859509286404,0.41458706647205545,0.25,0.885,0.125,0.231
28,8,7,0.024082122425103856,0.0148509988484436,0.2377761386380728,1.908455887156547,6.742669313884779,0.1127467975257608,0.16586239140870543,0.4969749437042654,0.2857142857142857,0.935,0.14285714285714285,0.249
28,9,6,0.025022393519742683,0.0248892784717891,0.28426688630587144,1.7123414247233515,5.541922292186774,0.14003081414298846,0.20027480698882186,0.589175688563758,0.3333333333333333,0.999,0.16666666666666666,0.226
28,10,5,0.0413965409442871,0.0314001288904688,0.31579077816772844,1.559129111265929,4.754678645461528,0.12983496826822663,0.23881850402976937,0.6990272786079491,0.4,0.931,0.2,0.28
28,11,4,0.04674838126260673,0.0431218555062943,0.2001426020791915,1.3846359351505682,3.9933717938364977,0.02896106658158737,0.26202242622489974,0.7737596638269704,0.5,0.664,0.25,0.295
29,1,15,0.0036921267117006134,0.0017668448146391,0.058725591326804195,2.7069189787630688,14.983041258774797,0.020868137666175103,0.06920771950299667,0.20668637310477814,0.13333333333333333,0.618,0.06666666666666668,0.179
29,2,15,0.0058001818771299205,0.0034909107620662,0.10951814565541687,2.6971851011109558,14.837905680232437,0.05381808589363999,0.07242499266978757,0.21623177688764483,0.13333333333333333,0.862,0.06666666666666668,0.151
29,3,14,0.0056876883102926845,0.003915508282056,0.11911639435774704,2.610949927470303,13.611975101383106,0.07837512863352673,0.07899688013756054,0.2367751569550964,0.14285714285714285,0.999,0.07142857142857142,0.156
29,4,13,0.006555406849989792,0.0032249306439547,0.10379410735541478,2.5537016440324636,12.854598972864713,0.061484991038972966,0.08417179660130551,0.2513255427188761,0.1538461538461538,0.868,0.07692307692307693,0.124
29,5,12,0.006462353617899108,0.0031141161920559,0.10723870293375122,2.466172790771237,11.777286348420683,0.0685359096571571,0.09220961350105952,0.2726242220938564,0.16666666666666663,0.973,0.08333333333333333,0.234
29,6,11,0.01107313115953831,0.0063021597239406,0.1513207466309778,2.3823037976297106,10.829823868992314,0.07634719950526646,0.10230657153926741,0.30512200004210227,0.18181818181818182,0.859,0.09090909090909091,0.155
29,7,10,0.01103407229300975,0.00620252712474775,0.16583218218248078,2.272428983211397,9.702940493315852,0.08736338471204359,0.11286095251981001,0.3356159212009403,0.19999999999999998,0.96,0.09999999999999999,0.172
29,8,8,0.02061021681040085,0.02147052736096195,0.2562748062883542,2.03265978066177,7.634365115000868,0.12497702348712236,0.1511111366645855,0.4447727878733243,0.24999999999999997,0.954,0.125,0.213
29,9,7,0.024948042358906842,0.0193542249592349,0.2492890843288267,1.9101063139837824,6.7538067844695915,0.10692717477771575,0.16853605202869706,0.4906060143870036,0.2857142857142857,0.915,0.14285714285714285,0.255
29,10,6,0.04676827543936803,0.04584799370387465,0.47825114452214795,1.6667781922055533,5.295080554253553,0.232569306899132,0.23655884978414082,0.6799679886266714,0.3333333333333333,0.951,0.16666666666666666,0.324
29,11,4,0.040784884822386624,0.0365642374244333,0.17888281498690176,1.3840859406886166,3.99117606533998,0.0346090969547328,0.2675486239516212,0.7768208682306912,0.5,0.692,0.25,0.314
30,1,15,0.003620754446378773,0.0021526248843636,0.058067992255408894,2.7068183372572627,14.981533418817873,0.020180903483334945,0.0699887940858633,0.20677364805346254,0.13333333333333333,0.687,0.06666666666666667,0.196
30,2,15,0.004694433100618406,0.0028348254662049,0.10018821859540553,2.690045753261773,14.732349958086907,0.0567287636884302,0.07304878696280487,0.21652230587411303,0.13333333333333333,0.974,0.06666666666666667,0.193
30,3,14,0.007339753393318971,0.004761865031052951,0.13721412672896544,2.6234145239273423,13.782704705352227,0.06871737966780245,0.07894465500744569,0.2365295968352782,0.14285714285714285,0.854,0.07142857142857142,0.156
30,4,13,0.007821319944897985,0.0033754258412965,0.1575409064432503,2.530249230773312,12.5566352466295,0.09846414712544388,0.08767176437474532,0.2606625759445064,0.1538461538461538,0.983,0.07692307692307693,0.159
30,5,11,0.011267926191642255,0.0083562106349309,0.15938753775294512,2.382370501231995,10.830546281349966,0.0607944735217468,0.10079136065087681,0.2984305624991474,0.18181818181818185,0.855,0.09090909090909093,0.157
30,6,10,0.00797202784046675,0.0044529692753882,0.13111539280963738,2.2720986466742032,9.699735786897646,0.08063987028179334,0.11101254616230236,0.3308387782785154,0.19999999999999998,0.981,0.09999999999999999,0.193
30,7,9,0.015321989172580621,0.0135223454173508,0.18130354995081518,2.176779997808528,8.817866945080038,0.08084720157552619,0.12646586724207187,0.37228962788376097,0.2222222222222222,0.88,0.1111111111111111,0.198
30,8,8,0.02635849653339126,0.020956291298772,0.37571148613725874,1.9833226600670537,7.266848182565234,0.1941889082887942,0.16212324060835245,0.4829247453818474,0.25,0.976,0.125,0.19
30,9,6,0.04312944554706394,0.034922407072213946,0.46626611051984684,1.655967300165989,5.23814433026193,0.2403222280372598,0.23495859089372007,0.6804810653245627,0.3333333333333333,0.997,0.16666666666666666,0.323
30,10,4,0.03802641701872845,0.03552340981913565,0.15314211301902417,1.3862710306423418,3.9999066791784186,0.0037211369174698916,0.2524439457717202,0.752362842398778,0.5,0.53,0.24999999999999997,0.303
31,1,16,0.004505106081319125,0.0021059422033199,0.09836372435323472,2.7573570245427557,15.758139486009433,0.05537472571915725,0.06787978152227588,0.20180815863645618,0.125,0.959,0.0625,0.233
31,2,15,0.005645799989604646,0.0031898585795084,0.11480701255611443,2.692844677953719,14.773642456494633,0.06001771617902006,0.07219479008524368,0.21592893029121965,0.1333333333333333,0.936,0.06666666666666667,0.178
31,3,14,0.006271508945177243,0.0035470674152675,0.11499073532996729,2.6260162431338916,13.81861012055304,0.057787155877928854,0.07749988761407389,0.23195032641589783,0.14285714285714285,0.884,0.07142857142857142,0.17
31,4,13,0.006950797132957109,0.0037196162633103,0.12943704736843628,2.5416386165600677,12.70046512183018,0.073789954712617,0.08537384929720387,0.25393327492912837,0.15384615384615383,0.974,0.07692307692307693,0.13
31,5,12,0.010475385703405705,0.00627049450025615,0.16077463425774768,2.4698630110170536,11.82082741760106,0.06510701810591495,0.09143883316970966,0.2735022018317575,0.16666666666666666,0.855,0.08333333333333331,0.154
31,6,10,0.01184451889589268,0.0065430286630663494,0.16276307207355206,2.278349667798429,9.760558945569175,0.080413756835131,0.1122035225074104,0.3324962314939059,0.2,0.942,0.1,0.18
31,7,9,0.014579879419317389,0.009478881458037,0.19568493820537822,2.1618781501078495,8.687438659663712,0.09437492685140311,0.12600309818051297,0.37582572203722464,0.2222222222222222,0.965,0.1111111111111111,0.187
31,8,8,0.019197510882208335,0.0204082594745153,0.3488273444575689,1.9374076482048839,6.940734802279452,0.21151806510136317,0.16641443628224042,0.48748429678516825,0.25,1.0,0.125,0.226
31,9,6,0.04718161852196386,0.0529386194641516,0.47176141167682956,1.6701471628070208,5.312949608230909,0.22693572116345676,0.22905920867457624,0.6736972774320767,0.3333333333333333,0.944,0.16666666666666666,0.266
31,10,4,0.04896059929379007,0.04623428995423015,0.20636835436704473,1.3841174778691454,3.9913019377648955,0.03623520414503756,0.2740385073755646,0.768058257095527,0.5,0.658,0.25,0.418
32,1,14,0.0065339143239843715,0.0036857561691925,0.11830526594481096,2.627862010040649,13.844139607303898,0.0535898825553066,0.07738766471494468,0.23023876756800904,0.14285714285714285,0.846,0.07142857142857142,0.184
32,2,13,0.0064043948628413295,0.0030807669560633,0.11210450508921302,2.5503342859716183,12.8113857334528,0.06338392229006391,0.08454071907117382,0.2512690797508522,0.1538461538461538,0.899,0.07692307692307693,0.153
32,3,12,0.006045791424180467,0.00286966392810865,0.11776090952520131,2.461034021290121,11.71692082385978,0.0744761911285378,0.09161364909610913,0.27435643032439716,0.16666666666666666,0.967,0.08333333333333333,0.221
32,4,11,0.008031282582079536,0.0072915614911682,0.10164973719199052,2.39007742234608,10.914338924056759,0.056024101108342966,0.1007868831156551,0.300083544222706,0.18181818181818182,0.835,0.0909090909090909,0.227
32,5,10,0.009994055111305489,0.00748373523485865,0.13692198356795013,2.281748571079157,9.7937905849626,0.07380006968253365,0.10985038842493,0.32840905901045975,0.2,0.933,0.1,0.199
32,6,9,0.01473112899166172,0.0087924105576191,0.16083755223719942,2.184007432872702,8.881828365915126,0.06867798964782265,0.12298788188962771,0.36669555285913147,0.2222222222222222,0.826,0.1111111111111111,0.209
32,7,8,0.016932355304649774,0.0126196518779522,0.18563282660699437,2.0588565056073604,7.837003115495211,0.07871406274709836,0.14192277768881303,0.4154995870337632,0.25,0.844,0.125,0.246
32,8,7,0.02290806188592367,0.0172932831958839,0.23833384224914722,1.9030464213946054,6.706293550513712,0.12098125732487894,0.16987925611306856,0.5027312059362157,0.2857142857142857,0.971,0.14285714285714285,0.321
32,9,6,0.030593732807328352,0.023786476066192552,0.3074625395776477,1.7221774087442996,5.596701513429315,0.1548882033876048,0.205174184512736,0.6063536080531022,0.3333333333333333,0.986,0.16666666666666666,0.295
32,10,5,0.02039023766953988,0.0205234945971047,0.10117427279960516,1.608122625323668,4.993427887502735,0.027367986872310367,0.2184217559907907,0.6193153633289601,0.4,0.601,0.2,0.503
32,11,5,0.021528513982151682,0.0155830218748681,0.11330399065656138,1.6072981956067185,4.989312853673997,0.03483798561564679,0.218879423036089,0.6244522942502763,0.4,0.66,0.2,0.51
33,1,13,0.004950858608801761,0.002465037884284,0.06994750238897161,2.562631958080737,12.969908688309857,0.034591405201927966,0.08140102853802941,0.24354593332223554,0.15384615384615383,0.604,0.07692307692307693,0.156
33,2,13,0.007357070646746599,0.003683742496296,0.15382962030584002,2.5276858180820456,12.524488628606177,0.09771389704662302,0.08731990534605027,0.26055487910233854,0.15384615384615385,0.992,0.07692307692307691,0.212
33,3,11,0.01093233334606359,0.0124036798295984,0.2096698310896497,2.340891461529763,10.390495161988262,0.13192541766223717,0.10858288238447343,0.3239958683925707,0.18181818181818182,0.977,0.09090909090909091,0.222
33,4,9,0.0135515919448424,0.0059083044672708,0.1653891236413677,2.1786733711268185,8.834578274478366,0.07429245874918501,0.12324210442371833,0.36636321370340463,0.2222222222222222,0.886,0.1111111111111111,0.175
33,5,8,0.012971621917973377,0.0051904169876226,0.14858667110477652,2.0588733304019273,7.837134972571881,0.07797596207039659,0.13941960049153918,0.41450717785826735,0.25,0.87,0.125,0.252
33,6,7,0.02606623674147286,0.0226630717106536,0.22631956873644496,1.928042360413976,6.876036256510423,0.07448851612935543,0.1582560765244245,0.4715939967841377,0.2857142857142857,0.829,0.14285714285714285,0.194
33,7,6,0.031245570814877,0.0290570048247272,0.26485232313028895,1.754137983215592,5.778464461075919,0.11952475691607874,0.20026678415341403,0.5819079860915451,0.3333333333333333,0.897,0.16666666666666666,0.279
33,8,5,0.02107786156562562,0.0200800258398052,0.10623587602074316,1.609163711593874,4.9986291837469405,0.01247744691836985,0.2077053339669845,0.6079571375336187,0.4,0.505,0.2,0.316
33,9,5,0.014954543202906062,0.01308300305353,0.07378206589271684,1.6093908697934363,4.999764792329118,0.005408252855637663,0.2026986232868903,0.6037634160347147,0.4,0.485,0.2,0.313
34,1,14,0.004444093947573221,0.0030959254288711003,0.06404206421230729,2.6383623513701107,13.99027368474816,0.01931685222399285,0.07406607333571674,0.22154798977765555,0.14285714285714285,0.507,0.07142857142857142,0.163
34,2,14,0.008757993798419256,0.004699550375507,0.17047375995841232,2.6135620871078755,13.647578233618614,0.0953330619612294,0.08210353904944,0.24357802631209435,0.14285714285714285,0.834,0.07142857142857142,0.139
34,3,12,0.007026175996411859,0.00369938726978345,0.11195353426651163,2.468668542510844,11.806716240889244,0.06252573800812922,0.09069967240767093,0.27129587960739066,0.16666666666666666,0.942,0.08333333333333333,0.178
34,4,11,0.0103810490418272,0.0073262147828195,0.14931231213894544,2.383623825497904,10.844128977800962,0.07088982488799803,0.10241114758144475,0.30473104611397916,0.18181818181818182,0.808,0.09090909090909091,0.197
34,5,10,0.00519849000369435,0.00379005753561125,0.05217479200352991,2.3015733275710404,9.98988746239055,0.02304835863226966,0.10526196592937183,0.3108870536265304,0.2,0.651,0.1,0.322
34,6,10,0.00937273082299003,0.005116700551244,0.1287873372692071,2.2842730065272865,9.818545610171899,0.06507659507477434,0.10854465996131367,0.32494602476952383,0.2,0.921,0.1,0.221
34,7,9,0.013102287002657368,0.0059456356385574,0.1684719191074923,2.1710997217034103,8.767921013808051,0.09202609011338225,0.1264885103561297,0.3755891119313801,0.2222222222222222,0.929,0.1111111111111111,0.221
34,8,8,0.014356103585682851,0.009447373998811601,0.1775979546558971,2.042321979978576,7.708487387827587,0.09815593721906524,0.14121107521594894,0.42133301192468325,0.25,0.972,0.125,0.172
34,9,7,0.013124189363504356,0.0082055390343648,0.2117040315237701,1.8733539448015926,6.5100943213463465,0.12665473358954202,0.16615593204480653,0.4968913018687441,0.2857142857142857,1.0,0.14285714285714285,0.285
34,10,6,0.04002425390128963,0.0356095425978399,0.3263183070940726,1.757462926414124,5.7977095037907835,0.10754379036828447,0.20145100749113698,0.5680204721584705,0.3333333333333333,0.852,0.16666666666666666,0.287
34,11,5,0.01682604765189884,0.0162246757534963,0.08520360574501054,1.6092487031232108,4.999054042940315,0.010665462920520596,0.20586878273867734,0.6075677427528097,0.39999999999999997,0.589,0.2,0.238
