celebrity_name,season,week,weekly_judge_total,estimated_fan_vote,judge_rank,fan_vote_rank,total_rank,rank_based_eliminated,judge_pct,fan_vote_pct,total_pct,percent_based_eliminated,is_judge_last_two,simulated_eliminated,is_popular_underdog
John O'Hurley,1,6,145.0,4755360.549710587,1.0,4.0,5.0,0,0.26102610261026105,0.14748746803755264,0.4085135706478137,0,False,0,False
Kelly Monaco,1,6,128.0,7450929.737525493,2.0,1.0,3.0,0,0.2304230423042304,0.2310905240571553,0.46151356636138574,0,False,0,True
Evander Holyfield,1,6,45.0,2968474.903362781,5.0,6.0,11.0,1,0.081008100810081,0.09206722452551801,0.173075325335599,1,True,1,False
Rachel Hunter,1,6,95.0,6592906.874140486,4.0,2.0,6.0,0,0.171017101710171,0.20447895206043523,0.37549605377060624,0,False,0,True
Joey McIntyre,1,6,105.5,4376356.034790784,3.0,5.0,8.0,0,0.18991899189918993,0.13573264614844804,0.32565163804763797,0,False,0,False
Trista Sutter,1,6,37.0,6098443.8405251205,6.0,3.0,9.0,0,0.0666066606660666,0.1891431851708908,0.25574984583695737,0,True,0,True
Tatum O'Neal,2,8,40.0,1333970.1663445532,9.0,10.0,19.0,1,0.03318585263871915,0.02473092704212873,0.05791677968084788,1,True,1,False
Tia Carrere,2,8,115.0,6566096.26289463,6.0,2.0,8.0,0,0.09540932633631756,0.12173109393759739,0.21714042027391495,0,False,0,True
George Hamilton,2,8,130.0,5434356.30655694,5.0,5.0,10.0,0,0.10785402107583723,0.10074938160474446,0.2086034026805817,0,False,0,False
Lisa Rinna,2,8,168.5,4437453.076886639,4.0,8.0,12.0,0,0.1397954042406044,0.08226745325053064,0.22206285749113505,0,False,0,False
Stacy Keibler,2,8,220.1665,5086455.778791696,1.0,7.0,8.0,0,0.182660325624564,0.09429953528347522,0.2769598609080392,0,False,0,False
Jerry Rice,2,8,180.1666,9721960.68891266,3.0,1.0,4.0,0,0.14947455595047643,0.18023873889383574,0.32971329484431217,0,False,0,True
Giselle Fernandez,2,8,69.0,3691834.202382937,7.0,9.0,16.0,0,0.05724559580179053,0.06844417110238826,0.1256897669041788,0,False,0,False
Master P,2,8,50.0,6506348.191330612,8.0,3.0,11.0,0,0.041482315798398936,0.1206234040986209,0.16210571989701983,0,False,0,True
Drew Lachey,2,8,219.4998,5123035.964875817,2.0,6.0,8.0,0,0.18210720042570813,0.09497770780641321,0.27708490823212134,0,False,0,False
Kenny Mayne,2,8,13.0,6037840.848824874,10.0,4.0,14.0,0,0.010785402107583723,0.11193758698026542,0.12272298908784914,0,True,0,True
Harry Hamlin,3,10,60.0,7270259.2159597725,9.0,3.0,12.0,0,0.039015934888127005,0.11859551288745976,0.15761144777558678,0,False,0,True
Vivica A. Fox,3,10,97.0,4555968.25630194,8.0,7.0,15.0,0,0.063075761402472,0.07431886209352787,0.13739462349599985,0,False,0,True
Monique Coleman,3,10,199.5,5016682.917965457,4.0,6.0,10.0,0,0.1297279835030223,0.08183423258744556,0.21156221609046788,0,False,0,False
Joey Lawrence,3,10,233.0,3512161.808454648,3.0,10.0,13.0,0,0.15151188048222655,0.057291854202813325,0.20880373468503988,0,False,0,False
Mario Lopez,3,10,268.6666,9396913.469068496,1.0,1.0,2.0,0,0.17470464287024107,0.1532863876403253,0.32799103051056633,0,False,0,False
Emmitt Smith,3,10,257.6666,3858520.4296462536,2.0,9.0,11.0,0,0.16755172147408445,0.06294180107582716,0.23049352254991162,0,False,0,False
Shanna Moakler,3,10,40.0,7433133.247903332,10.0,2.0,12.0,0,0.02601062325875134,0.12125238230306354,0.14726300556181487,0,True,0,True
Willa Ford,3,10,122.0,4309497.063015804,6.0,8.0,14.0,0,0.07933240093919158,0.07029832077423258,0.14963072171342418,0,False,0,False
Sara Evans,3,10,105.0,5892879.888415828,7.0,5.0,12.0,0,0.06827788605422226,0.09612712449326494,0.16440501054748718,0,False,0,True
Jerry Springer,3,10,143.0,2855134.9672668576,5.0,11.0,16.0,1,0.09298797815003604,0.046574157227106935,0.13956213537714296,0,False,0,False
Tucker Carlson,3,10,12.0,7201835.998756021,11.0,4.0,15.0,0,0.007803186977625402,0.11747936471493306,0.12528255169255847,1,True,0,True
John Ratzenberger,4,10,133.5,4071283.300041467,6.0,10.0,16.0,0,0.07900189421096014,0.0644566238544879,0.14345851806544804,0,False,0,False
Ian Ziering,4,10,218.5,3979021.283441737,4.0,11.0,15.0,0,0.12930272573104712,0.06299593009732177,0.1922986558283689,0,False,0,False
Clyde Drexler,4,10,78.0,5721535.857077852,8.0,5.0,13.0,0,0.0461584101007857,0.09058344935265888,0.13674185945344458,0,False,0,True
Laila Ali,4,10,262.33320000000003,6043471.813623771,3.0,4.0,7.0,0,0.155242095239121,0.09568034468689017,0.25092243992601115,0,False,0,False
Apolo Anton Ohno,4,10,268.83320000000003,7753830.662984535,1.0,2.0,3.0,0,0.15908862941418647,0.12275877398910026,0.28184740340328673,0,False,0,False
Shandi Finnessey,4,10,60.0,5082977.840896949,10.0,7.0,17.0,1,0.03550646930829669,0.08047378838708048,0.11598025769537718,1,True,1,True
Paulina Porizkova,4,10,40.0,8029059.455481857,11.0,1.0,12.0,0,0.02367097953886446,0.12711620073750268,0.15078718027636714,0,True,0,True
Heather Mills,4,10,133.0,7186426.787163958,7.0,3.0,10.0,0,0.07870600696672433,0.11377562653852295,0.19248163350524727,0,False,0,True
Billy Ray Cyrus,4,10,152.0,4893269.272026241,5.0,9.0,14.0,0,0.08994972224768495,0.07747031921912848,0.16742004146681344,0,False,0,False
Joey Fatone,4,10,267.6665,5023837.664919451,2.0,8.0,10.0,0,0.1583982061184866,0.07953748015286081,0.23793568627134742,0,False,0,False
Leeza Gibbons,4,10,76.0,5378434.495813802,9.0,6.0,15.0,0,0.044974861123842476,0.0851514629844456,0.1301263241082881,0,False,0,True
Cameron Mathison,5,10,194.0,7312351.130077437,5.0,1.0,6.0,0,0.10596268988145342,0.105033185078293,0.21099587495974642,0,False,0,True
Jane Seymour,5,10,171.0,4802563.967836037,6.0,10.0,16.0,0,0.09340010293674503,0.06898309190996438,0.1623831948467094,0,False,0,False
Sabrina Bryan,5,10,162.0,6258337.386726633,7.0,6.0,13.0,0,0.08848430804533738,0.08989353729454974,0.17837784533988713,0,False,0,True
Jennie Garth,5,10,227.5,5363284.771922246,4.0,8.0,12.0,0,0.12426037086613738,0.07703717614979112,0.2012975470159285,0,False,0,False
Floyd Mayweather Jr. ,5,10,83.0,7303123.760692984,9.0,2.0,11.0,0,0.045334552887425945,0.10490064494460652,0.15023519783203246,0,False,0,True
Josie Maran,5,10,16.0,5649142.06052722,12.0,7.0,19.0,0,0.008739190918058014,0.08114317447590097,0.08988236539395898,1,True,0,True
Albert Reed,5,10,42.0,5043710.086235598,11.0,9.0,20.0,1,0.022940376159902288,0.07244686770986976,0.09538724386977204,0,True,1,True
Helio Castroneves,5,10,266.4999,6566615.177165642,2.0,4.0,6.0,0,0.14556209410896057,0.0943215793350261,0.23988367344398667,0,False,0,False
Mel B,5,10,272.33320000000003,3642352.159871444,1.0,12.0,13.0,0,0.14874823925785483,0.052318035844108365,0.20106627510196318,0,False,0,False
Wayne Newton,5,10,52.0,6493991.099772379,10.0,5.0,15.0,0,0.028402370483688544,0.09327842125545695,0.12168079173914549,0,False,0,True
Marie Osmond,5,10,242.5,6727328.754127353,3.0,3.0,6.0,0,0.13245336235181676,0.09663003780116586,0.22908340015298262,0,False,0,False
Mark Cuban,5,10,102.0,4456635.870145902,8.0,11.0,19.0,0,0.05571234210261984,0.06401424820126722,0.11972659030388706,0,False,0,False
Cristian de la Fuente,6,10,247.5,6558816.627673894,3.0,6.0,9.0,0,0.1366271046094397,0.08576563833963562,0.2223927429490753,0,False,0,False
Steve Guttenberg,6,10,55.0,7303317.511864394,10.0,4.0,14.0,0,0.030361578802097708,0.09550102159575616,0.12586260039785385,0,False,0,True
Priscilla Presley,6,10,114.0,5344754.097373724,8.0,10.0,18.0,0,0.06293127242616615,0.06989008428677662,0.13282135671294276,0,False,0,False
Marlee Matlin,6,10,134.0,9362633.420679703,7.0,1.0,8.0,0,0.07397184653601988,0.12242943772455868,0.19640128426057857,0,False,0,True
Shannon Elizabeth,6,10,169.5,7650145.20680882,6.0,3.0,9.0,0,0.09356886558101021,0.10003627548976883,0.19360514107077903,0,False,0,True
Marissa Jaret Winokur,6,10,209.0,5774590.156940997,4.0,9.0,13.0,0,0.11537399944797129,0.07551078785617267,0.19088478730414396,0,False,0,False
Jason Taylor,6,10,261.5,8295654.498275936,2.0,2.0,4.0,0,0.1443555064863373,0.10847720616059284,0.25283271264693014,0,False,0,False
Kristi Yamaguchi,6,10,282.0,6048888.103702918,1.0,7.0,8.0,0,0.15567209494893736,0.07909761454073434,0.23476970948967169,0,False,0,False
Monica Seles,6,10,30.0,1927277.23315081,12.0,12.0,24.0,1,0.016560861164780567,0.02520182702794179,0.04176268819272236,1,True,1,False
Penn Jillette,6,10,33.0,5305907.428354383,11.0,11.0,22.0,0,0.018216947281258625,0.0693821101269633,0.08759905740822192,0,True,0,False
Adam Carolla,6,10,74.0,7021269.136740729,9.0,5.0,14.0,0,0.040850124206458734,0.09181284729414937,0.1326629715006081,0,False,0,True
Mario,6,10,202.0,5880457.433364868,5.0,8.0,13.0,0,0.1115097985095225,0.0768951495569498,0.1884049480664723,0,False,0,False
Ted McGinley,7,10,18.5,5927970.679279774,12.0,5.0,17.0,0,0.010946745562130178,0.09158925564623026,0.10253600120836044,0,True,0,True
Cloris Leachman,7,10,105.0,4029378.5928619057,8.0,10.0,18.0,0,0.0621301775147929,0.062255332558749175,0.12438551007354207,0,False,0,False
Susan Lucci,7,10,153.5,3589322.009153128,6.0,11.0,17.0,0,0.0908284023668639,0.055456301806963,0.1462847041738269,0,False,0,False
Cody Linley,7,10,205.5,4558987.809060335,4.0,9.0,13.0,0,0.12159763313609467,0.07043798333746236,0.19203561647355705,0,False,0,False
Misty May-Treanor,7,10,42.0,6154951.906045198,10.0,4.0,14.0,0,0.02485207100591716,0.09509619633974245,0.11994826734565961,0,False,0,True
Maurice Greene,7,10,179.5,6305793.134834781,5.0,3.0,8.0,0,0.10621301775147929,0.09742674698060344,0.20363976473208273,0,False,0,True
Warren Sapp,7,10,242.5,4996098.521130949,3.0,8.0,11.0,0,0.14349112426035504,0.0771914993245565,0.22068262358491153,0,False,0,False
Jeffrey Ross,7,10,12.0,6821396.729622513,13.0,1.0,14.0,0,0.007100591715976331,0.10539300592655126,0.1124935976425276,0,True,0,True
Toni Braxton,7,10,111.5,977535.2896763236,7.0,13.0,20.0,0,0.06597633136094674,0.015103267946705553,0.0810795993076523,1,False,0,False
Lance Bass,7,10,243.5,6667644.334389865,2.0,2.0,4.0,0,0.14408284023668638,0.10301747672860757,0.24710031696529394,0,False,0,False
Kim Kardashian,7,10,35.5,5706585.745142728,11.0,6.0,17.0,0,0.021005917159763313,0.08816877966449593,0.10917469682425925,0,False,0,True
Rocco DiSpirito,7,10,71.5,3359453.399726227,9.0,12.0,21.0,1,0.04230769230769231,0.051904750024253814,0.09421244233194612,0,False,0,False
Brooke Burke,7,10,269.5,5628310.786821604,1.0,7.0,8.0,0,0.15946745562130177,0.0869594037150787,0.24642685933638048,0,False,0,False
Gilles Marini,8,11,304.5,5585224.359258428,1.0,5.0,6.0,0,0.14720812182741116,0.08368988006784361,0.23089800189525478,0,False,0,False
Denise Richards,8,11,55.0,5360702.080869839,11.0,7.0,18.0,0,0.02658931592941745,0.08032560294265487,0.10691491887207231,0,False,0,True
David Alan Grier,8,11,104.0,6412838.493558481,8.0,2.0,10.0,0,0.050277979211989364,0.09609098039736018,0.14636895960934954,0,False,0,True
Lawrence Taylor,8,11,138.0,4321954.850558758,7.0,8.0,15.0,0,0.06671501087744743,0.06476085110212515,0.13147586197957256,0,False,0,False
Ty Murray,8,11,218.0,5559430.918411225,5.0,6.0,11.0,0,0.10539037950205463,0.08330338709420664,0.18869376659626125,0,False,0,False
Shawn Johnson,8,11,291.0,3902012.806747213,3.0,10.0,13.0,0,0.1406816533720087,0.058468373482354175,0.19915002685436287,0,False,0,False
Steve Wozniak,8,11,52.0,3694213.975269869,12.0,12.0,24.0,0,0.025138989605994682,0.05535468311542217,0.08049367272141685,0,True,0,False
Belinda Carlisle,8,11,35.0,3659899.014971465,13.0,13.0,26.0,1,0.01692047377326565,0.05484050235433139,0.07176097612759705,1,True,1,False
Chuck Wicks,8,11,183.5,6213281.643694237,6.0,3.0,9.0,0,0.08871162678269277,0.09310078917895893,0.1818124159616517,0,False,0,True
Lil' Kim,8,11,230.0,4088076.711484313,4.0,9.0,13.0,0,0.1111916847957457,0.06125638428922355,0.17244806908496926,0,False,0,False
Steve-O,8,11,95.0,3870566.2386463583,9.0,11.0,20.0,0,0.045927000241721055,0.057997173161002134,0.1039241734027232,0,False,0,False
Holly Madison,8,11,69.0,6050611.321346313,10.0,4.0,14.0,0,0.03335750543872371,0.09066331148921707,0.12402081692794079,0,False,0,True
Melissa Rycroft,8,11,293.5,8018340.927149564,2.0,1.0,3.0,0,0.14189025864152768,0.12014808132530014,0.2620383399668278,0,False,0,True
Ashley Hamiliton,9,10,18.9999,7348163.510389015,15.0,3.0,18.0,0,0.008645281767141294,0.08031572512994839,0.08896100689708969,0,True,0,True
Debi Mazar,9,10,60.0,7206533.576209009,12.0,4.0,16.0,0,0.02730103348062241,0.07876770420639495,0.10606873768701736,0,False,0,True
Melissa Joan Hart,9,10,136.9999,5964317.626039669,7.0,9.0,16.0,0,0.06233731427903203,0.06519023350030875,0.12752754777934078,0,False,0,False
Mark Dacascos,9,10,169.4998,5400250.149599388,6.0,10.0,16.0,0,0.07712532857931337,0.05902495311038955,0.13615028168970292,0,False,0,False
Chuck Liddell,9,10,75.0,5268589.500541806,11.0,11.0,22.0,0,0.034126291850778014,0.057585896877469726,0.09171218872824774,0,False,0,False
Natalie Coughlin,9,10,119.9998,3269492.6117421985,10.0,14.0,24.0,0,0.05460197595779988,0.03573568682131595,0.09033766277911583,0,False,0,False
Louie Vito,9,10,127.9998,6179831.733899489,9.0,7.0,16.0,0,0.0582421137552162,0.0675458114381191,0.1257879251933353,0,False,0,True
Michael Irvin,9,10,135.4998,6941767.025719941,8.0,5.0,13.0,0,0.061654742940294,0.07587379507350483,0.13752853801379883,0,False,0,True
Joanna Krupa,9,10,243.4998,9292959.63194941,4.0,1.0,5.0,0,0.11079660320541433,0.10157242559833048,0.2123690288037448,0,False,0,True
Kathy Ireland,9,10,37.9999,7691567.803677112,14.0,2.0,16.0,0,0.017290609036005055,0.08406914798032135,0.10135975701632641,0,True,0,True
Tom DeLay,9,10,52.9999,6624103.713421673,13.0,6.0,19.0,0,0.02411586740616066,0.07240172218912425,0.0965175895952849,0,False,0,True
Macy Gray,9,10,18.9999,3246280.8702353984,15.0,15.0,30.0,1,0.008645281767141294,0.03548198154543146,0.04412726331257275,1,True,1,False
Aaron Carter,9,10,206.4997,5137846.273936108,5.0,12.0,17.0,0,0.09396092039064138,0.05615686810914964,0.15011778849979102,0,False,0,False
Mya,9,10,284.333,2130928.875641361,1.0,16.0,17.0,0,0.12937641254409687,0.023291139018002185,0.15266755156209905,0,False,0,False
Donny Osmond,9,10,264.6662,3782271.9782765806,2.0,13.0,15.0,0,0.12042767978981844,0.041340386090277126,0.16176806588009557,0,False,0,False
Kelly Osbourne,9,10,244.7216,6006064.023004428,3.0,8.0,11.0,0,0.11135254325052474,0.06564652331191227,0.17699906656243702,0,False,0,False
Aiden Turner,10,10,70.5,4201660.987641603,9.0,6.0,15.0,0,0.042035207616660374,0.0815701250404112,0.12360533265707158,0,False,0,True
Shannen Doherty,10,10,38.0,4101974.775133729,11.0,7.0,18.0,0,0.022657275027419776,0.07963483877076942,0.1022921137981892,0,True,0,True
Niecy Nash,10,10,167.9998,3483774.002846107,5.0,10.0,15.0,0,0.10016888613556624,0.0676332245415632,0.16780211067712944,0,False,0,False
Buzz Aldrin,10,10,39.0,456421.1615012437,10.0,11.0,21.0,1,0.023253519107088717,0.008860860341720142,0.03211437944880886,1,True,1,False
Chad Ochocinco,10,10,199.4999,5122184.447222963,4.0,5.0,9.0,0,0.11895063426954586,0.09944096562501295,0.2183915998945588,0,False,0,False
Evan Lysacek,10,10,262.8887,6931725.921655178,2.0,2.0,4.0,0,0.15674583098686445,0.1345710069989831,0.29131683798584757,0,False,0,False
Pamela Anderson,10,10,163.9998,5663694.416407079,6.0,4.0,10.0,0,0.09778390981689047,0.1099537214201374,0.20773763123702788,0,False,0,True
Nicole Scherzinger,10,10,280.7776,3581635.980557993,1.0,9.0,10.0,0,0.16741198170365418,0.0695330955169084,0.23694507722056257,0,False,0,False
Erin Andrews,10,10,249.4998,7313570.144334763,3.0,1.0,4.0,0,0.14876277862858497,0.14198404700424427,0.2907468256328293,0,False,0,True
Kate Gosselin,10,10,77.0,3785420.09373568,8.0,8.0,16.0,0,0.04591079413450849,0.07348931560273773,0.11940010973724623,0,False,0,False
Jake Pavelka,10,10,127.9999,6867740.040703073,7.0,3.0,10.0,0,0.07631918257321654,0.1333287991375122,0.20964798171072874,0,False,0,True
David Hasselhoff,11,10,15.0,1385021.989082694,12.0,12.0,24.0,1,0.0084507085102184,0.021424408314421866,0.029875116824640266,1,True,1,False
Florence Henderson,11,10,95.5,7369330.169671133,8.0,4.0,12.0,0,0.05380284418172381,0.11399352487059722,0.16779636905232104,0,False,0,True
Kyle Massey,11,10,255.8331,6712050.399448365,2.0,5.0,7.0,0,0.14413139702437033,0.10382629988423552,0.24795769690860586,0,False,0,False
Jennifer Grey,11,10,279.0,4651046.725160271,1.0,7.0,8.0,0,0.15718317829006223,0.07194537336933128,0.2291285516593935,0,False,0,False
Rick Fox,11,10,175.0,8233074.499173239,6.0,2.0,8.0,0,0.09859159928588133,0.12735447606154238,0.22594607534742372,0,False,0,True
Kurt Warner,11,10,184.9999,8676427.441441,5.0,1.0,6.0,0,0.10422534862130352,0.13421254368603963,0.23843789230734314,0,False,0,True
Margaret Cho,11,10,51.0,3300892.1806424707,10.0,10.0,20.0,0,0.02873240893474256,0.051060317047243856,0.07979272598198642,0,False,0,False
Michael Bolton,11,10,28.0,7371829.819069028,11.0,3.0,14.0,0,0.015774655885741014,0.11403219105045972,0.12980684693620073,0,True,0,True
Brandy,11,10,248.4999,3191529.7249339074,3.0,11.0,14.0,0,0.14000001464789474,0.04936862845035744,0.1893686430982522,0,False,0,False
The Situation,11,10,67.0,5668513.646628171,9.0,6.0,15.0,0,0.03774649801230885,0.08768420419207036,0.1254307022043792,0,False,0,True
Audrina Patridge,11,10,145.9998,4525367.980415285,7.0,8.0,15.0,0,0.08225345015667895,0.07000129395031505,0.15225474410699402,0,False,0,False
Bristol Palin,11,10,229.1664,3561834.4316782653,4.0,9.0,13.0,0,0.12910789644907425,0.05509673912338567,0.18420463557245992,0,False,0,False
Ralph Macchio,12,10,217.0,7404952.859002992,4.0,4.0,8.0,0,0.12468877366062853,0.12381794719820237,0.2485067208588309,0,False,0,False
Chelsea Kane,12,10,267.6666,8164655.636406288,1.0,2.0,3.0,0,0.15380193596271888,0.13652090968424768,0.29032284564696653,0,False,0,False
Kirstie Alley,12,10,246.4999,5029918.783037782,3.0,6.0,9.0,0,0.14163949418648647,0.08410508887064973,0.22574458305713618,0,False,0,False
Hines Ward,12,10,267.6666,3223553.278876707,1.0,9.0,10.0,0,0.15380193596271888,0.053900917031399966,0.20770285299411884,0,False,0,False
Sugar Ray Leonard,12,10,75.0,3217402.020500213,9.0,10.0,19.0,1,0.04309519826980249,0.053798062064006454,0.09689326033380893,0,False,0,False
Chris Jericho,12,10,134.0,7981104.931495249,7.0,3.0,10.0,0,0.0769967542420471,0.13345176502909484,0.21044851927114194,0,False,0,True
Petra Nemcova,12,10,106.0,2447144.692266479,8.0,11.0,19.0,1,0.06090788022132085,0.040918617317735134,0.10182649753905598,0,False,0,False
Mike Catherwood,12,10,30.0,5896075.138152629,11.0,5.0,16.0,0,0.017238079307920994,0.09858805775445667,0.11582613706237767,0,True,0,True
Romeo,12,10,195.0,9548982.308720335,5.0,1.0,6.0,0,0.11204751550148646,0.15966818557936013,0.2717157010808466,0,False,0,True
Wendy Williams,12,10,46.0,3498989.781154916,10.0,7.0,17.0,0,0.02643172160547886,0.05850648075947651,0.08493820236495536,1,True,0,True
Kendra Wilkinson,12,10,155.5,3392386.352609128,6.0,8.0,14.0,0,0.0893507110793905,0.05672396871137052,0.146074679790761,0,False,0,False
Elisabetta Canalis,13,10,36.0,1883410.575152472,11.0,11.0,22.0,1,0.020942419341580806,0.031271354683195966,0.05221377402477677,1,True,1,False
David Arquette,13,10,154.5,6719931.3214452565,6.0,4.0,10.0,0,0.08987788300761763,0.1115749048943406,0.20145278790195825,0,False,0,True
Ricki Lake,13,10,265.9998,5075862.470992953,1.0,6.0,7.0,0,0.15474109323268406,0.08427747924304513,0.2390185724757292,0,False,0,False
J.R. Martinez,13,10,263.1665,4080536.765173927,2.0,10.0,12.0,0,0.15309286665711458,0.06775151109642931,0.22084437775354387,0,False,0,False
Metta World Peace (Ron),13,10,14.0,7068113.959544152,12.0,1.0,13.0,0,0.008144274188392536,0.11735598253835881,0.12550025672675136,0,True,0,True
Hope Solo,13,10,207.4998,6866615.166564614,4.0,3.0,7.0,0,0.12070966180261525,0.11401038158091016,0.23472004338352542,0,False,0,True
Chynna Phillips,13,10,90.0,6208232.400657371,9.0,5.0,14.0,0,0.052356048353952016,0.10307887187102004,0.15543492022497205,0,False,0,True
Kristin Cavallari,13,10,65.0,5013551.336877167,10.0,7.0,17.0,0,0.037812701588965346,0.08324289145780389,0.12105559304676924,0,False,0,True
Carson Kressley,13,10,97.0,7035445.574466601,8.0,2.0,10.0,0,0.05642818544814829,0.11681357045351394,0.17324175590166224,0,False,0,True
Chaz Bono,13,10,113.0,4282315.526643947,7.0,9.0,16.0,0,0.06573592737773976,0.07110176053259071,0.13683768791033046,0,False,0,False
Nancy Grace,13,10,169.0,4514257.035825968,5.0,8.0,13.0,0,0.0983130241313099,0.07495281950776905,0.17326584363907896,0,False,0,False
Rob Kardashian,13,10,243.83300000000003,1479709.4885884672,3.0,12.0,15.0,0,0.14184591486987982,0.024568472141022396,0.16641438701090222,0,False,0,False
William Levy,14,10,277.6666,3893137.2466270775,2.0,9.0,11.0,0,0.1331521951535307,0.059561509323598376,0.19271370447712907,0,False,0,False
Jack Wagner,14,10,68.0,6495533.658441499,11.0,5.0,16.0,0,0.03260870868314765,0.09937584114050883,0.13198454982365648,0,True,0,True
Sherri Sheperd,14,10,91.0,7275990.88506487,10.0,2.0,12.0,0,0.04363812485538877,0.11131613695732633,0.1549542618127151,0,False,0,True
Jaleel White,14,10,181.4998,2522972.259145975,7.0,11.0,18.0,1,0.08703638388602297,0.03859921349202246,0.12563559737804542,1,False,0,False
Roshon Fegan,14,10,207.9998,3630256.2593693137,5.0,10.0,15.0,0,0.09974418947577904,0.05553966591514536,0.1552838553909244,0,False,0,False
Melissa Gilbert,14,10,186.0,5342529.965763316,6.0,7.0,13.0,0,0.08919440904508034,0.08173591841466785,0.17093032745974818,0,False,0,False
Martina Navratilova,14,10,37.0,7181308.032444328,12.0,3.0,15.0,0,0.01774297384230093,0.10986757420397639,0.1276105480462773,0,True,0,True
Donald Driver,14,10,271.16650000000004,9868776.037527291,3.0,1.0,4.0,0,0.13003513828130528,0.15098342512351481,0.2810185634048201,0,False,0,True
Gavin DeGraw,14,10,107.0,5858043.889611274,9.0,6.0,15.0,0,0.05131076219259998,0.08962281924466475,0.14093358143726473,0,False,0,True
Gladys Knight,14,10,132.0,6904676.8326661885,8.0,4.0,12.0,0,0.0632992580319925,0.10563536487227128,0.16893462290426378,0,False,0,True
Katherine Jenkins,14,10,285.4999,2193998.8844887465,1.0,12.0,13.0,0,0.1369085745318792,0.033566215814163025,0.17047479034604224,0,False,0,False
Maria Menounos,14,10,240.4999,4196083.507625505,4.0,8.0,12.0,0,0.11532928202097267,0.0641963154981405,0.17952559751911318,0,False,0,False
Gilles Marini,15,10,233.0275,5380896.387482047,6.0,9.0,15.0,0,0.10265914397576262,0.06749863179310102,0.17015777576886365,0,False,0,False
Sabrina Bryan,15,10,168.75,3920064.9935168326,8.0,12.0,20.0,0,0.07434200060469233,0.049173781568805655,0.12351578217349798,0,False,0,False
Kirstie Alley,15,10,201.2499,5853997.259285569,7.0,7.0,14.0,0,0.08865967518515123,0.07343326781789988,0.1620929430030511,0,False,0,False
Kelly Monaco,15,10,281.3052,6457242.386373609,3.0,5.0,8.0,0,0.12392765243557392,0.08100044952558406,0.204928101961158,0,False,0,False
Apolo Anton Ohno,15,10,255.6387,5181221.415923476,4.0,10.0,14.0,0,0.11262039934804599,0.064993884179881,0.177614283527927,0,False,0,False
Emmitt Smith,15,10,253.0553,4503385.839782491,5.0,11.0,16.0,0,0.11148229490738133,0.05649103062621601,0.16797332553359734,0,False,0,False
Shawn Johnson,15,10,293.5274,9781917.468390748,1.0,1.0,2.0,0,0.12931208384174084,0.12270558618549741,0.25201767002723824,0,False,0,False
Pamela Anderson,15,10,17.0,5592809.921651199,13.0,8.0,21.0,0,0.007489268209065302,0.07015690145392081,0.07764616966298611,0,True,0,True
Helio Castroneves,15,10,70.0,914622.5231453478,10.0,13.0,23.0,1,0.0308381632137983,0.01147313839067503,0.04231130160447333,1,False,0,False
Joey Fatone,15,10,43.0,9543373.712315127,12.0,2.0,14.0,0,0.01894344311704753,0.11971326371756263,0.13865670683461018,0,True,0,True
Drew Lachey,15,10,68.0,7856802.343206823,11.0,4.0,15.0,0,0.029957072836261207,0.09855670324167899,0.1285137760779402,0,False,0,True
Bristol Palin,15,10,92.0,8494971.184736207,9.0,3.0,12.0,0,0.040530157366706336,0.10656197235565623,0.14709212972236257,0,False,0,True
Melissa Rycroft,15,10,293.3607,6237293.957075164,2.0,6.0,8.0,0,0.12923864495877313,0.07824138914352124,0.20748003410229438,0,False,0,False
Ingo Rademacher,16,10,202.5,3333349.1932153404,5.0,10.0,15.0,0,0.10508565259098407,0.052404736129449105,0.15749038872043317,0,False,0,False
Zendaya,16,10,272.9998,6773077.472545609,1.0,4.0,5.0,0,0.14167092414917595,0.10648189468283495,0.2481528188320109,0,False,0,False
Dorothy Hamill,16,10,36.0,5487231.686490804,12.0,7.0,19.0,0,0.018681893793952725,0.08626666812975747,0.1049485619237102,0,True,0,True
Victor Ortiz,16,10,118.0,6217785.603501484,8.0,5.0,13.0,0,0.06123509632462282,0.09775195905793382,0.15898705538255664,0,False,0,True
Alexandra Raisman,16,10,264.5,5758303.895135909,3.0,6.0,9.0,0,0.13726002523612488,0.09052828812294252,0.2277883133590674,0,False,0,False
Jacoby Jones,16,10,251.9997,3670617.66217643,4.0,9.0,13.0,0,0.1307731008752208,0.05770705043743208,0.18848015131265286,0,False,0,False
D. L. Hughley,16,10,83.0,7147784.935511127,9.0,2.0,11.0,0,0.04307214402494656,0.1123728003708472,0.15544494439579376,0,False,0,True
Andy Dick,16,10,132.5,6922036.2162077725,7.0,3.0,10.0,0,0.06875974799163155,0.10882372663721838,0.17758347462884994,0,False,0,True
Wynonna Judd,16,10,51.0,8028523.843848437,11.0,1.0,12.0,0,0.026466016208099692,0.1262192015172674,0.15268521772536708,0,True,0,True
Kellie Pickler,16,10,267.5,5023224.692824274,2.0,8.0,10.0,0,0.13881684971895428,0.07897185361863265,0.21778870333758693,0,False,0,False
Lisa Vanderpump,16,10,75.0,2549677.893782422,10.0,12.0,22.0,1,0.03892061207073484,0.04008436845162103,0.07900498052235587,1,False,0,False
Sean Lowe,16,10,172.0,2696171.990852028,6.0,11.0,17.0,0,0.0892579370155519,0.042387452844063395,0.1316453898596153,0,False,0,False
Valerie Harper,17,11,74.0,6977363.740968376,10.0,3.0,13.0,0,0.03161719472936237,0.10749272160711389,0.13910991633647626,0,False,0,True
Brant Daugherty,17,11,206.5,6313342.448737353,7.0,6.0,13.0,0,0.0882290636704504,0.09726286136808339,0.1854919250385338,0,False,0,True
Elizabeth Berkley Lauren,17,11,238.9998,9482108.429012043,6.0,1.0,7.0,0,0.10211490833619812,0.1460806229183056,0.24819553125450372,0,False,0,True
Leah Remini,17,11,256.9999,1345538.4957217127,5.0,12.0,17.0,0,0.10980562005036022,0.020729261122366987,0.1305348811727272,0,False,0,False
Corbin Bleu,17,11,313.66630000000004,5541652.819647431,2.0,7.0,9.0,0,0.13401687144781887,0.08537427112879234,0.21939114257661121,0,False,0,False
Amber Riley,17,11,313.83309999999994,6531786.93913959,1.0,4.0,5.0,0,0.13408813831377636,0.10062820015005673,0.2347163384638331,0,False,0,False
Keyshawn Johnson,17,11,35.0,4555258.647325292,12.0,9.0,21.0,0,0.014954078588211931,0.07017795944193919,0.08513203803015112,0,True,0,True
Bill Engvall,17,11,257.4998,7872118.056188002,4.0,2.0,6.0,0,0.1100192070185387,0.12127723680272248,0.2312964438212612,0,False,0,True
Christina Milian,17,11,125.0,5135508.368112728,9.0,8.0,17.0,0,0.05340742352932833,0.07911724138491451,0.13252466491424283,0,False,0,True
"Nicole ""Snooki"" Polizzi",17,11,176.0,2459073.495530873,8.0,10.0,18.0,0,0.07519765232929428,0.03788429448137762,0.1130819468106719,0,False,0,False
Jack Osbourne,17,11,295.9997,6394037.604976267,3.0,5.0,8.0,0,0.126468650739633,0.0985060446514345,0.22497469539106751,0,False,0,False
Bill Nye,17,11,47.0,2302314.9751772285,11.0,11.0,22.0,1,0.02008119124702745,0.0354692849428927,0.05555047618992015,1,True,1,False
Billy Dee Williams,18,10,30.0,10000000.0,11.0,1.0,12.0,0,0.011987214916059127,0.15271753701984284,0.16470475193590195,0,True,0,True
Danica McKellar,18,10,265.0,5336872.925424084,6.0,7.0,13.0,0,0.10588706509185562,0.08150340885586495,0.18739047394772057,0,False,0,False
James Maslow,18,10,330.0,2888066.326670587,3.0,12.0,15.0,0,0.13185936407665041,0.04410583761590769,0.1759652016925581,0,False,0,False
Candace Cameron Bure,18,10,307.9998,4051568.130868673,4.0,9.0,13.0,0,0.1230686598901076,0.0618745506014352,0.1849432104915428,0,False,0,False
Sean Avery,18,10,41.0,7153006.480951041,10.0,3.0,13.0,0,0.016382527051947475,0.10923895320578164,0.12562148025772912,0,False,0,True
Diana Nyad,18,10,18.0,3083736.4464434385,12.0,10.0,22.0,1,0.007192328949635477,0.047094063491916444,0.05428639244155192,1,True,1,True
Charlie White,18,10,307.5,2916883.4861765206,5.0,11.0,16.0,0,0.12286895288960606,0.044545926178273104,0.16741487906787916,0,False,0,False
Amy Purdy,18,10,339.1666,5373515.192492828,2.0,6.0,8.0,0,0.13552209755163533,0.08206300053362113,0.21758509808525645,0,False,0,False
Meryl Davis,18,10,348.0,5873571.000323251,1.0,5.0,6.0,0,0.1390516930262859,0.08969972966805415,0.22875142269434004,0,False,0,False
Drew Carey,18,10,165.0,6215291.501841232,8.0,4.0,12.0,0,0.06592968203832521,0.0949184010021553,0.1608480830404805,0,False,0,True
Cody Simpson,18,10,144.0,7288236.671863317,9.0,2.0,11.0,0,0.05753863159708381,0.11130415537446622,0.16884278697155003,0,False,0,True
NeNe Leakes,18,10,207.0,5299616.405034438,7.0,8.0,15.0,0,0.08271178292080798,0.08093443645268132,0.1636462193734893,0,False,0,False
Antonio Sabato Jr.,19,11,199.5,5117615.528313696,8.0,7.0,15.0,0,0.06598677684528961,0.07779971261696216,0.14378648946225175,0,False,0,True
Jonathan Bennett,19,11,172.0,5333539.648407236,9.0,6.0,15.0,0,0.0568908552250116,0.08108226371862398,0.13797311894363556,0,False,0,True
Lea Thompson,19,11,305.0,2551664.226562172,5.0,11.0,16.0,0,0.100882039788538,0.038791257847174354,0.13967329763571235,0,False,0,False
Janel Parrish,19,11,397.9998000000001,1860468.063955322,2.0,13.0,15.0,0,0.1316427267522301,0.02828346129324305,0.15992618804547315,0,False,0,False
Alfonso Ribeiro,19,11,404.0,8459038.947666913,1.0,2.0,3.0,0,0.13362735762153888,0.1285971553554805,0.2622245129770194,0,False,0,False
Lolo Jones,19,11,22.0,2739731.4332548976,13.0,10.0,23.0,1,0.007276737296222414,0.04165031878139622,0.04892705607761863,1,True,1,True
Randy Couture,19,11,85.0,8772227.262567297,11.0,1.0,12.0,0,0.02811466682631387,0.13335834946227368,0.16147301628858754,0,False,0,True
Tommy Chong,19,11,286.5,6886805.661635578,6.0,4.0,10.0,0,0.09476296524398735,0.10469553610657116,0.1994585013505585,0,False,0,True
Betsey Johnson,19,11,106.0,4320486.674314067,10.0,9.0,19.0,0,0.03506064333634436,0.06568149165707411,0.10074213499341847,0,False,0,True
Michael Waltrip,19,11,205.0,2425908.9329722226,7.0,12.0,19.0,0,0.06780596116934522,0.036879483575107536,0.10468544474445275,0,False,0,False
Tavis Smiley,19,11,57.0,5670325.550451145,12.0,5.0,17.0,0,0.01885336481293989,0.08620219628243153,0.10505556109537142,0,True,0,True
Bethany Mota,19,11,396.5,4662452.472601712,3.0,8.0,11.0,0,0.13114665172509943,0.07088017074588315,0.20202682247098258,0,False,0,False
Sadie Robertson,19,11,386.8332,6979098.478876516,4.0,3.0,7.0,0,0.12794925335713928,0.10609860255777853,0.2340478559149178,0,False,0,True
Suzanne Somers,20,10,134.0,8215528.763816044,9.0,1.0,10.0,0,0.0513902205177373,0.13487099358919655,0.18626121410693386,0,False,0,True
Willow Shields,20,10,237.5,3600866.3580880016,6.0,9.0,15.0,0,0.09108341323106424,0.05911395814670107,0.15019737137776532,0,False,0,False
Riker Lynch,20,10,363.0,3473194.9530044794,1.0,10.0,11.0,0,0.13921380632790029,0.057018028626938146,0.19623183495483842,0,False,0,False
Rumer Willis,20,10,362.5,6846254.190239891,2.0,3.0,5.0,0,0.13902205177372962,0.11239216994390523,0.25141422171763483,0,False,0,False
Nastia Liukin,20,10,327.5,5537190.043102443,3.0,4.0,7.0,0,0.12559923298178333,0.09090179637549554,0.21650102935727888,0,False,0,False
Michael Sam,20,10,108.0,2893404.25584051,10.0,12.0,22.0,0,0.041418983700862895,0.04749984061393,0.0889188243147929,0,False,0,False
Robert Herjavec,20,10,238.5,7530010.749860272,5.0,2.0,7.0,0,0.09146692233940557,0.12361712322692392,0.21508404556632948,0,False,0,True
Charlotte McKinney,20,10,70.0,4365402.447050154,11.0,8.0,19.0,0,0.026845637583892617,0.07166503610132664,0.09851067368521926,0,True,0,True
Noah Galloway,20,10,320.5,5058292.693595752,4.0,6.0,10.0,0,0.12291466922339406,0.08303993340695802,0.2059546026303521,0,False,0,False
Redfoo,20,10,53.0,3281117.927204758,12.0,11.0,23.0,1,0.020325982742090125,0.05386477823247014,0.07419076097456026,1,True,1,True
Patti LaBelle,20,10,166.0,5436463.697729439,8.0,5.0,13.0,0,0.06366251198465964,0.08924821293958829,0.15291072492424793,0,False,0,True
Chris Soules,20,10,227.0,4676252.124259919,7.0,7.0,14.0,0,0.08705656759348035,0.07676812879656643,0.16382469639004676,0,False,0,False
Gary Busey,21,11,72.5,7402891.63384372,10.0,6.0,16.0,0,0.029098944559205777,0.0865661786147333,0.11566512317393908,0,False,0,True
Alexa PenaVega,21,11,256.4998,6058057.33582969,5.0,8.0,13.0,0,0.10294997875375682,0.07084027422395729,0.1737902529777141,0,False,0,False
Carlos PenaVega,21,11,323.9998,2687532.303990588,3.0,13.0,16.0,0,0.13004209955025875,0.03142682791633937,0.16146892746659813,0,False,0,False
Victor Espinoza,21,11,33.5,5905069.808773369,11.0,10.0,21.0,0,0.013445719210115772,0.06905130496059018,0.08249702417070595,0,False,0,True
Alek Skarlatos,21,11,293.9999,7670024.642140657,4.0,5.0,9.0,0,0.11800119711051094,0.08968991523738017,0.20769111234789112,0,False,0,False
Chaka Khan,21,11,28.0,5705411.225524381,13.0,11.0,24.0,1,0.011238213071141541,0.06671658476821551,0.07795479783935705,0,True,1,True
Andy Grammer,21,11,222.9998,6598024.9983643,7.0,7.0,14.0,0,0.08950425954364105,0.07715442002442488,0.16665867956806593,0,False,0,False
Tamar Braxton,21,11,256.0,8624150.733231306,6.0,1.0,7.0,0,0.10274937665043694,0.10084704865329179,0.20359642530372873,0,False,0,True
Nick Carter,21,11,328.0,8375008.984956339,2.0,3.0,5.0,0,0.13164763883337235,0.09793369396051756,0.22958133279388993,0,False,0,False
Hayes Grier,21,11,190.5,8366760.948815852,8.0,4.0,12.0,0,0.07645998535901656,0.09783724503149448,0.17429723039051104,0,False,0,True
Bindi Irwin,21,11,333.5,6052696.114658654,1.0,9.0,10.0,0,0.13385514497234657,0.07077758244722462,0.2046327274195712,0,False,0,False
Kim Zolciak-Biermann,21,11,30.5,3540656.814707741,12.0,12.0,24.0,1,0.012241624952493464,0.04140289300389527,0.053644517956388735,1,True,1,False
Paula Deen,21,11,121.5,8530850.04215315,9.0,2.0,11.0,0,0.04876581743370347,0.09975603115793558,0.14852184859163906,0,False,0,True
Mischa Barton,22,10,49.0,4546309.829260722,11.0,8.0,19.0,0,0.022838503442275167,0.08173745233325007,0.10457595577552524,0,True,0,True
Kim Fields,22,10,171.0,5807729.973297656,8.0,4.0,12.0,0,0.07970171609447049,0.10441634417467706,0.18411806026914757,0,False,0,True
Jodie Sweetin,22,10,206.5,4132711.062339723,6.0,9.0,15.0,0,0.09624797879244536,0.074301419426141,0.17054939821858636,0,False,0,False
Doug Flutie,22,10,128.0,3562870.896835819,9.0,10.0,19.0,0,0.05965976409410656,0.0640563448239508,0.12371610891805736,0,False,0,False
Von Miller,22,10,172.0,4652923.245087668,7.0,7.0,14.0,0,0.08016780800145569,0.08365423964461047,0.16382204764606617,0,False,0,False
Antonio Brown,22,10,228.5,4816950.409992605,5.0,6.0,11.0,0,0.10650200074611992,0.08660326051566615,0.19310526126178607,0,False,0,False
Paige VanZant,22,10,277.6666,5020399.003559977,2.0,5.0,7.0,0,0.12941815510009883,0.09026103359834316,0.219679188698442,0,False,0,False
Geraldo Rivera,22,10,26.0,1617370.5643435866,12.0,11.0,23.0,1,0.012118389581615395,0.029078473393383476,0.041196862974998874,1,True,1,True
Nyle DiMarco,22,10,278.4998,1054840.5230717063,1.0,12.0,13.0,0,0.1298065028769989,0.01896482646625394,0.14877132934325285,0,False,0,False
Ginger Zee,22,10,270.83320000000003,7072404.034992099,3.0,2.0,5.0,0,0.12623316266290613,0.12715373773495198,0.2533869003978581,0,False,0,True
Wanya Morris,22,10,247.5,6057460.407806471,4.0,3.0,7.0,0,0.11535774697883887,0.10890621183733598,0.22426395881617484,0,False,0,True
Marla Maples,22,10,90.0,7278919.855532378,10.0,1.0,11.0,0,0.041948271628668675,0.1308666560514359,0.1728149276801046,0,False,0,True
Jake T. Austin,23,11,46.0,3899266.500971958,13.0,11.0,24.0,1,0.016398317119140797,0.05414472634834925,0.07054304346749005,0,True,1,True
Maureen McCormick,23,11,188.0,1243358.6441664398,8.0,13.0,21.0,0,0.06701920909561891,0.017265122433787344,0.08428433152940626,0,False,0,False
Marilu Henner,23,11,255.0,7060486.915362552,6.0,5.0,11.0,0,0.09090371446480225,0.09804103715996691,0.18894475162476915,0,False,0,True
Ryan Lochte,23,11,208.0,3940083.825685069,7.0,10.0,17.0,0,0.07414891219089752,0.054711510607981725,0.12886042279887924,0,False,0,False
Calvin Johnson Jr.,23,11,340.33310000000006,7138274.868153095,3.0,4.0,7.0,0,0.1213236978247882,0.09912119093144994,0.22044488875623813,0,False,0,False
Laurie Hernandez,23,11,362.8332,4616653.666573018,1.0,8.0,9.0,0,0.1293446494554921,0.06410627469535377,0.19345092415084586,0,False,0,False
Amber Rose,23,11,149.0,7375431.60847193,9.0,3.0,12.0,0,0.05311628805982562,0.10241431972965571,0.15553060778948133,0,False,0,True
Rick Perry,23,11,65.0,8698693.990993947,12.0,1.0,13.0,0,0.023171535059655475,0.12078897546833371,0.1439605105279892,0,True,0,True
James Hinchcliffe,23,11,360.4996,4249308.530483991,2.0,9.0,11.0,0,0.12851275569833498,0.05900536613627487,0.18751812183460986,0,False,0,False
Babyface,23,11,99.0,2438095.6221906096,10.0,12.0,22.0,0,0.03529203032162911,0.03385509050015256,0.06914712082178168,1,False,0,False
Vanilla Ice,23,11,97.0,6673978.830811262,11.0,7.0,18.0,0,0.034579060012101245,0.09267403429821389,0.12725309431031512,0,False,0,True
Jana Kramer,23,11,340.0,6970986.207393482,4.0,6.0,10.0,0,0.12120495261973632,0.09679824153680014,0.21800319415653646,0,False,0,False
Terra Jole,23,11,294.5,7711009.344797537,5.0,2.0,7.0,0,0.10498487807797749,0.10707411015368018,0.21205898823165767,0,False,0,True
Charo,24,10,70.0,6192965.543838024,11.0,6.0,17.0,0,0.027577152896126993,0.09926074295604659,0.1268378958521736,0,True,0,True
Mr. T,24,10,94.0,6869191.323962271,10.0,4.0,14.0,0,0.03703217674622768,0.11009927788184667,0.14713145462807437,0,False,0,True
Heather Morris,24,10,197.0,6083453.632292062,8.0,7.0,15.0,0,0.0776099874362431,0.09750548796138496,0.17511547539762806,0,False,0,True
Nancy Kerrigan,24,10,227.5,6263557.454699144,5.0,5.0,10.0,0,0.08962574691241272,0.10039218886336859,0.1900179357757813,0,False,0,False
Bonner Bolton,24,10,227.5,100000.0,5.0,12.0,17.0,0,0.08962574691241272,0.001602798243481439,0.09122854515589415,1,False,0,False
Simone Biles,24,10,316.5,1143687.2389006168,3.0,11.0,14.0,0,0.12468812702320275,0.018330998976020453,0.1430191259992232,0,False,0,False
David Ross,24,10,312.8333,4513328.564446151,4.0,8.0,12.0,0,0.12324359635857092,0.07233955095348896,0.1955831473120599,0,False,0,False
Rashad Jennings,24,10,351.6666,7266499.729178503,2.0,2.0,4.0,0,0.13854233709515903,0.11646733002185657,0.2550096671170156,0,False,0,False
Chris Kattan,24,10,39.0,8350006.082113996,12.0,1.0,13.0,0,0.01536441375641361,0.13383375081471643,0.14919816457113005,0,True,0,True
Erika Jayne,24,10,140.0,4320348.53426744,9.0,9.0,18.0,1,0.055154305792253985,0.06924647041951462,0.12440077621176861,0,False,0,False
Normani,24,10,358.83320000000003,7040704.449422613,1.0,3.0,4.0,0,0.14136568600866453,0.11284828724406515,0.25421397325272965,0,False,0,False
Nick Viall,24,10,203.5,4247141.8933145255,7.0,10.0,17.0,0,0.08017072306231204,0.06807311566420954,0.14824383872652158,0,False,0,False
Sasha Pieterse,25,10,107.5,7621083.328348443,10.0,2.0,12.0,0,0.04762139546459145,0.10780688459982639,0.15542828006441783,0,False,0,True
Frankie Muniz,25,10,268.8887,7365064.939830407,3.0,3.0,6.0,0,0.11911493133637108,0.10418528073102593,0.223300212067397,0,False,0,False
Jordan Fisher,25,10,295.0,626880.6886565685,1.0,13.0,14.0,0,0.130681968949344,0.008867775242460709,0.13954974419180471,0,False,0,False
Derek Fisher,25,10,81.0,7226829.168606177,11.0,4.0,15.0,0,0.0358821677454131,0.10222981492729903,0.13811198267271213,0,False,0,True
Nikki Bella,25,10,171.5,4020666.8986993134,8.0,10.0,18.0,0,0.07597273788072033,0.05687584739430378,0.1328485852750241,0,False,0,False
Terrell Owens,25,10,191.5,3590718.132971376,6.0,11.0,17.0,0,0.08483253238576059,0.0507938463225855,0.1356263787083461,0,False,0,False
Victoria Arlen,25,10,228.5,4450187.870661959,5.0,9.0,14.0,0,0.1012231522200851,0.062951796949315,0.16417494916940012,0,False,0,False
Barbara Corcoran,25,10,31.0,6602187.540688083,13.0,5.0,18.0,0,0.01373268148281242,0.09339371315595059,0.10712639463876301,0,True,0,True
Lindsey Stirling,25,10,286.5,9406541.880179986,2.0,1.0,3.0,0,0.1269165562847019,0.13306375632816497,0.25998031261286686,0,False,0,True
Debbie Gibson,25,10,37.5,5760973.802039996,12.0,7.0,19.0,1,0.01661211469695051,0.08149400959164435,0.09810612428859486,1,True,1,True
Nick Lachey,25,10,128.0,4749978.74136962,9.0,8.0,17.0,0,0.05670268483225773,0.06719260083637422,0.12389528566863195,0,False,0,True
Drew Scott,25,10,252.0,2691358.0062948763,4.0,12.0,16.0,0,0.11163341076350741,0.03807161127896078,0.1497050220424682,0,False,0,False
Vanessa Lachey,25,10,178.5,6579520.117410898,7.0,6.0,13.0,0,0.07907366595748441,0.09307306264208876,0.17214672859957317,0,False,0,True
Jamie Anderson,26,4,19.0,6502111.600139469,9.0,3.0,12.0,0,0.02454780361757106,0.11437663310033296,0.13892443671790403,1,True,0,True
Johnny Damon,26,4,18.0,7372323.419019431,10.0,2.0,12.0,0,0.023255813953488372,0.1296842599219753,0.15294007387546366,0,True,0,True
Kareem Abdul-Jabbar,26,4,46.5,6321644.802936226,8.0,4.0,12.0,0,0.060077519379844964,0.11120209751560617,0.17127961689545113,0,False,0,True
Arike Ogunbowale,26,4,55.0,4390689.041954652,7.0,9.0,16.0,1,0.0710594315245478,0.07723525225228797,0.14829468377683577,0,False,0,False
Jennie Finch Daigle,26,4,81.5,5040174.29577668,6.0,7.0,13.0,0,0.10529715762273902,0.08866014637112858,0.1939573039938676,0,False,0,False
Chris Mazdzer,26,4,87.0,3353022.630636602,5.0,10.0,15.0,0,0.1124031007751938,0.058981983513357365,0.17138508428855118,0,False,0,False
Mirai Nagasu,26,4,95.0,4663639.673860222,4.0,8.0,12.0,0,0.1227390180878553,0.08203664235443536,0.20477566044229067,0,False,0,False
Tonya Harding,26,4,119.0,6081265.381767258,3.0,5.0,8.0,0,0.15374677002583978,0.10697365750246894,0.2607204275283087,0,False,0,False
Josh Norman,26,4,122.0,5328485.441213086,2.0,6.0,8.0,0,0.15762273901808785,0.09373173851353493,0.25135447753162277,0,False,0,False
Adam Rippon,26,4,131.0,7794895.177099213,1.0,1.0,2.0,0,0.16925064599483206,0.13711758895487242,0.30636823494970444,0,False,0,False
Juan Pablo Di Pace,27,9,219.0,5443784.896837011,4.0,11.0,15.0,0,0.11097035723334178,0.0704948177422232,0.18146517497556497,0,False,0,False
Evanna Lynch,27,9,234.5,7160120.413879022,3.0,4.0,7.0,0,0.11882442361287053,0.09272067011355424,0.21154509372642477,0,False,0,False
Nancy McKeon,27,9,62.0,5798951.611671373,11.0,8.0,19.0,0,0.03141626551811502,0.07509408338273371,0.10651034890084873,0,False,0,True
John Schneider,27,9,151.5,7020591.099193513,7.0,5.0,12.0,0,0.07676716493539397,0.09091382179113663,0.1676809867265306,0,False,0,True
Milo Manheim,27,9,245.5,9252266.597670704,1.0,1.0,2.0,0,0.1243982771725361,0.11981311897246774,0.24421139614500384,0,False,0,False
Danelle Umstead,27,9,36.5,5594657.945559606,12.0,10.0,22.0,1,0.018495059538890298,0.07244856284300641,0.09094362238189671,0,True,1,True
Mary Lou Retton,27,9,142.0,1841460.6280927807,9.0,13.0,22.0,1,0.0719533823156828,0.02384617206905174,0.09579955438473453,0,False,0,False
DeMarcus Ware,27,9,173.0,7163620.445900753,6.0,3.0,9.0,0,0.0876615150747403,0.09276599411590548,0.1804275091906458,0,False,0,True
Nikki Glaser,27,9,17.5,5751038.187431067,13.0,9.0,22.0,1,0.00886749429946795,0.07447362387280916,0.08334111817227711,1,True,1,True
Bobby Bones,27,9,201.5,2806871.471123442,5.0,12.0,17.0,0,0.10210286293387383,0.036347852924471874,0.1384507158583457,0,False,0,False
Tinashe,27,9,102.0,6043176.362405494,10.0,6.0,16.0,0,0.05168482391689891,0.07825669535536052,0.12994151927225944,0,False,0,True
Alexis Ren,27,9,238.5,7388278.370031789,2.0,2.0,4.0,0,0.12085127945274893,0.09567522357961289,0.21652650303236182,0,False,0,False
Joe Amabile,27,9,150.0,5957665.426266491,8.0,7.0,15.0,0,0.07600709399543958,0.07714936323766639,0.15315645723310595,0,False,0,True
Kate Flannery,28,11,186.9998,6324337.053043634,6.0,6.0,12.0,0,0.08511600732490024,0.09201121279743053,0.1771272201223308,0,False,0,False
James Van Der Beek,28,11,265.4998,726251.0081778467,5.0,12.0,17.0,0,0.12084656198327244,0.01056604597404263,0.13141260795731508,0,False,0,False
Kel Mitchell,28,11,290.4998,5593446.793388575,3.0,7.0,10.0,0,0.1322257195177859,0.08137767150311792,0.2136033910209038,0,False,0,False
Ray Lewis,28,11,30.0,2567043.228808701,12.0,11.0,23.0,1,0.013654989041416127,0.037347275897075906,0.05100226493849203,1,True,1,True
Lamar Odom,28,11,55.0,6673550.348324329,10.0,4.0,14.0,0,0.025034146575929565,0.09709183050554279,0.12212597708147235,0,False,0,True
Sailor Brinkley-Cook,28,11,141.0,4444560.995309025,9.0,10.0,19.0,0,0.0641784484946558,0.06466281668743895,0.12884126518209477,0,False,0,False
Sean Spicer,28,11,170.0,7535350.45981954,7.0,3.0,10.0,0,0.07737827123469139,0.10962994679861321,0.18700821803330459,0,False,0,True
Mary Wilson,28,11,32.0,5053853.730656683,11.0,9.0,20.0,0,0.014565321644177202,0.07352726572894312,0.08809258737312033,0,True,0,True
Lauren Alaina,28,11,280.5,6364625.45657742,4.0,5.0,9.0,0,0.1276741475372408,0.09259735879814567,0.22027150633538645,0,False,0,False
Ally Brooke,28,11,300.5,5559803.523433641,1.0,8.0,9.0,0,0.13677747356485154,0.08088820390437014,0.21766567746922166,0,False,0,False
Karamo Brown,28,11,150.5,8111198.071676493,8.0,2.0,10.0,0,0.0685025283577709,0.11800781102518271,0.1865103393829536,0,False,0,True
Hannah Brown,28,11,294.4998,9780396.156341314,2.0,1.0,3.0,0,0.13404638472330804,0.14229256038009644,0.2763389451034045,0,False,0,True
Anne Heche,29,11,72.0,5892870.280295968,13.0,6.0,19.0,0,0.02729859061926398,0.07577163850116973,0.10307022912043372,0,False,0,True
Jesse Metcalfe,29,11,98.0,5217207.728525355,12.0,9.0,21.0,0,0.03715641500955375,0.06708384186109684,0.10424025687065058,0,False,0,True
Chrishell Stause,29,11,171.0,8274175.146157205,8.0,1.0,9.0,0,0.06483415272075195,0.10639090600149757,0.17122505872224952,0,False,0,True
Skai Jackson,29,11,235.4996,6220241.942966834,6.0,5.0,11.0,0,0.0892889884916725,0.07998104513996272,0.16927003363163523,0,False,0,True
Justina Machado,29,11,275.9996,4187193.556240082,3.0,10.0,13.0,0,0.10464444571500847,0.05383972519108565,0.15848417090609412,0,False,0,False
Charles Oakley,29,11,27.0,3529280.331720695,15.0,13.0,28.0,1,0.010236971482223993,0.045380152751470004,0.055617124233694,1,True,1,True
Veron Davis,29,11,121.0,7445594.213059157,11.0,3.0,14.0,0,0.04587679812404086,0.09573685594687564,0.1416136540709165,0,False,0,True
Johnny Weir,29,11,250.5,5444183.655141488,5.0,7.0,12.0,0,0.0949763465295226,0.07000234117331347,0.16497868770283608,0,False,0,False
Nev Schulman,29,11,289.9998,6535905.04668504,1.0,4.0,5.0,0,0.10995258083150597,0.08403990091743825,0.19399248174894423,0,False,0,False
AJ McLean,29,11,210.9998,1776480.12462686,7.0,14.0,21.0,0,0.07999996056870244,0.02284231680066421,0.10284227736936666,0,False,0,False
Nelly,29,11,252.5,3872003.0902210623,4.0,12.0,16.0,0,0.09573464071339104,0.04978694667836929,0.14552158739176033,0,False,0,False
Kaitlyn Bristowe,29,11,286.0,1647544.5608253926,2.0,15.0,17.0,0,0.10843606829318747,0.021184438981263334,0.1296205072744508,0,False,0,False
Carole Baskin,29,11,39.0,5359016.626489252,14.0,8.0,22.0,0,0.014786736585434656,0.0689072474413449,0.08369398402677955,0,True,0,True
Monica Aldama,29,11,155.0,4104843.28715609,9.0,11.0,20.0,0,0.0587677992498044,0.052780849885384395,0.1115486491351888,0,False,0,False
Jeannie Mai,29,11,153.0,8264911.534111887,10.0,2.0,12.0,0,0.05800950506593596,0.10627179272906395,0.16428129779499992,0,False,0,True
Martin Kove,30,10,28.0,8475643.552283213,15.0,2.0,17.0,0,0.008660686668728735,0.0965613900424564,0.10522207671118514,0,True,0,True
Brian Austin Green,30,10,92.0,8721555.708977282,13.0,1.0,14.0,0,0.02845654191153727,0.09936302032955371,0.12781956224109098,0,False,0,True
Melora Hardin,30,10,298.5,3626554.288013518,5.0,13.0,18.0,0,0.09232910609341169,0.04131664114410302,0.1336457472375147,0,False,0,False
Matt James,30,10,94.5,7362154.912863493,12.0,3.0,15.0,0,0.02922981750695948,0.08387562640036844,0.11310544390732792,0,False,0,True
"Mike ""The Miz"" Mizanin",30,10,202.5,5450776.147258431,9.0,11.0,20.0,0,0.06263532322919889,0.062099652768874684,0.12473497599807357,0,False,0,False
Suni Lee,30,10,296.5,2221313.3026173264,6.0,15.0,21.0,0,0.09171048561707393,0.025306998683627673,0.11701748430070161,0,False,0,False
Iman Shumpert,30,10,311.0,7222827.398996144,3.0,4.0,7.0,0,0.09619548407052274,0.08228829461521253,0.17848377868573528,0,False,0,False
Cody Rigsby,30,10,310.5,5114818.392985821,4.0,12.0,16.0,0,0.0960408289514383,0.05827215016709689,0.1543129791185352,0,False,0,False
Melanie C,30,10,148.0,6422031.006810144,11.0,6.0,17.0,0,0.045777915248994744,0.07316497409170682,0.11894288934070156,0,False,0,True
Jimmie Allen,30,10,243.5,5587600.2180900425,8.0,10.0,18.0,0,0.0753170429941231,0.06365846330512108,0.13897550629924418,0,False,0,False
Olivia Jade,30,10,261.0,6262087.933079839,7.0,8.0,15.0,0,0.08072997216207857,0.07134277316598468,0.15207274532806325,0,False,0,False
JoJo Siwa,30,10,359.0,6432037.664383888,1.0,5.0,6.0,0,0.11104237550262913,0.07327897803241518,0.1843213535350443,0,False,0,False
Christine Chiu,30,10,70.0,2868276.4211009294,14.0,14.0,28.0,1,0.021651716671821836,0.03267772606752647,0.0543294427393483,1,True,1,False
Kenya Moore,30,10,168.5,5634970.217541009,10.0,9.0,19.0,0,0.05211877513145685,0.06419814067181066,0.11631691580326751,0,False,0,True
Amanda Kloots,30,10,349.5,6372016.689326376,2.0,7.0,9.0,0,0.10810392824002474,0.07259517051414174,0.18069909875416648,0,False,0,False
Jason Lewis,31,10,18.0,4357203.038266331,16.0,12.0,28.0,1,0.005269320843091335,0.04835993229137111,0.05362925313446244,1,True,1,True
Cheryl Ladd,31,10,66.0,4719809.996212959,14.0,9.0,23.0,0,0.019320843091334895,0.05238445164029183,0.07170529473162673,0,False,0,True
Selma Blair,31,10,156.0,4276259.406187877,11.0,13.0,24.0,0,0.04566744730679157,0.04746155125831988,0.09312899856511145,0,False,0,False
Joseph Baena,31,10,139.0,8580502.45471847,12.0,1.0,13.0,0,0.04069086651053864,0.09523368869705749,0.13592455520759614,0,False,0,True
Trevor Donovan,31,10,286.5,3166311.600540146,6.0,16.0,22.0,0,0.08387002341920374,0.035142409768544935,0.11901243318774868,0,False,0,False
Daniel Durant,31,10,293.5,4458862.088126913,5.0,10.0,15.0,0,0.0859192037470726,0.04948823058844082,0.13540743433551342,0,False,0,False
Wayne Brady,31,10,362.5,3372960.3376339525,2.0,14.0,16.0,0,0.10611826697892272,0.037435972599146945,0.14355423957806968,0,False,0,False
Sam Champion,31,10,96.0,8132189.782457188,13.0,3.0,16.0,0,0.02810304449648712,0.09025793469029779,0.11836097918678491,0,False,0,True
Jessie James Decker,31,10,170.0,3232760.420812875,10.0,15.0,25.0,0,0.049765807962529274,0.03587991509501447,0.08564572305754374,0,False,0,False
Jordin Sparks,31,10,220.0,8423300.650369734,8.0,2.0,10.0,0,0.06440281030444965,0.09348892983509473,0.15789174013954438,0,False,0,True
Heidi D'Amelio,31,10,263.0,5797557.341875315,7.0,7.0,14.0,0,0.07699063231850117,0.06434620513346258,0.14133683745196374,0,False,0,False
Charli D'Amelio,31,10,379.0,8084930.422048241,1.0,4.0,5.0,0,0.11094847775175644,0.08973341025353444,0.20068188800529088,0,False,0,False
Teresa Giudice,31,10,43.0,5605115.637479246,15.0,8.0,23.0,0,0.012587822014051522,0.06221032399299296,0.07479814600704449,0,True,0,True
Vinny Guadagnino,31,10,215.5,6648160.767394319,9.0,6.0,15.0,0,0.06308548009367682,0.07378692288373626,0.13687240297741307,0,False,0,True
Shangela,31,10,345.5,4420732.101610765,4.0,11.0,15.0,0,0.10114168618266979,0.04906503168079352,0.15020671786346332,0,False,0,False
Gabby Windey,31,10,362.5,6822788.511258751,2.0,5.0,7.0,0,0.10611826697892272,0.07572508959190026,0.18184335657082298,0,False,0,False
Jamie Lynn Spears,32,11,31.0,2520067.1907253563,13.0,13.0,26.0,1,0.011751326762699014,0.03396340056249424,0.04571472732519326,1,True,1,False
Mira Sorvino,32,11,104.0,7362089.157670349,10.0,3.0,13.0,0,0.039423805913570885,0.09922020490524455,0.13864401081881544,0,False,0,True
Barry Williams,32,11,197.5,4290873.917510137,7.0,10.0,17.0,0,0.07486732373009856,0.05782888256309115,0.1326962062931897,0,False,0,False
Alyson Hannigan,32,11,281.0,4660033.147664174,5.0,9.0,14.0,0,0.10652009097801364,0.06280410816469693,0.16932419914271057,0,False,0,False
Xochitl Gomez,32,11,349.0,7242878.839049071,1.0,4.0,5.0,0,0.13229719484457922,0.09761358591610894,0.22991078076068816,0,False,0,False
Adrian Peterson,32,11,76.0,8202747.558130354,11.0,2.0,13.0,0,0.02880970432145565,0.11054990996077951,0.13935961428223517,0,False,0,True
Matt Walsh,32,11,12.0,3083185.533230424,14.0,12.0,26.0,1,0.004548900682335102,0.04155264814326312,0.04610154882559822,0,True,1,True
Tyson Beckford,32,11,50.0,6293793.104516536,12.0,6.0,18.0,0,0.018953752843062926,0.08482258610121926,0.10377633894428219,0,False,0,True
Jason Mraz,32,11,339.5,2219913.382434219,2.0,14.0,16.0,0,0.12869598180439726,0.02991817349122089,0.15861415529561815,0,False,0,False
Lele Pons,32,11,186.5,3356663.187641084,8.0,11.0,19.0,0,0.07069749810462471,0.04523835587193966,0.11593585397656436,0,False,0,False
Harry Jowsey,32,11,209.0,6751899.511462152,6.0,5.0,11.0,0,0.07922668688400303,0.09099656886509176,0.1702232557490948,0,False,0,True
Mauricio Umansky,32,11,126.0,8698281.331816688,9.0,1.0,10.0,0,0.047763457164518575,0.11722830810424692,0.1649917652687655,0,False,0,True
Charity Lawson,32,11,337.0,4753459.442850977,4.0,8.0,12.0,0,0.12774829416224412,0.06406323121434304,0.19181152537658716,0,False,0,False
Ariana Madix,32,11,339.5,4763610.299053326,2.0,7.0,9.0,0,0.12869598180439726,0.06420003613626,0.19289601794065725,0,False,0,False
Tori Spelling,33,9,36.0,5774042.474471107,12.0,6.0,18.0,0,0.018269474752600864,0.09038698432353023,0.1086564590761311,0,True,0,True
Eric Roberts,33,9,53.0,5322633.338497758,10.0,7.0,17.0,0,0.026896726719106825,0.08332061605950758,0.1102173427786144,0,False,0,True
Reginald VelJohnson,33,9,52.0,550775.7257246375,11.0,13.0,24.0,0,0.026389241309312358,0.008621854984087875,0.03501109629340023,1,False,0,False
Chandler Kinney,33,9,261.5,5872209.015064359,1.0,5.0,6.0,0,0.13270743466125348,0.09192368544842285,0.22463112010967634,0,False,0,False
Dwight Howard,33,9,178.0,4015771.4017796367,6.0,10.0,16.0,0,0.09033240294341538,0.06286297136613718,0.15319537430955255,0,False,0,False
Danny Amendola,33,9,241.0,6435592.397022724,4.0,3.0,7.0,0,0.12230398376046689,0.10074290095269961,0.2230468847131665,0,False,0,True
Stephen Nedoroscik,33,9,242.0,5958132.789865926,3.0,4.0,7.0,0,0.12281146917026135,0.09326873805590633,0.21608020722616766,0,False,0,False
Ilona Maher,33,9,232.0,7444411.023844063,5.0,2.0,7.0,0,0.11773661507231667,0.11653496930185701,0.23427158437417367,0,False,0,True
Anna Delvey,33,9,35.0,2111578.823608279,13.0,12.0,25.0,1,0.017761989342806393,0.03305470004268757,0.05081668938549396,0,True,1,True
Brooks Nader,33,9,100.5,3886115.765086934,9.0,11.0,20.0,0,0.05100228368434408,0.0608333392577807,0.11183562294212478,0,False,0,False
Phaedra Parks,33,9,124.0,4346714.766626835,8.0,8.0,16.0,0,0.06292819081451408,0.06804356587382826,0.13097175668834232,0,False,0,False
Jenn Tran,33,9,157.5,4016312.602529436,7.0,9.0,16.0,0,0.07992895204262877,0.06287144333424345,0.14280039537687222,0,False,0,False
Joey Graziadei,33,9,258.0,8147058.697115213,2.0,1.0,3.0,0,0.13093123572697285,0.12753423099931133,0.2584654667262842,0,False,0,True
Corey Feldman,34,11,24.0,3044448.7679385543,14.0,12.0,26.0,1,0.00850109355942275,0.041451673955601946,0.0499527675150247,1,True,1,True
Danielle Fishel,34,11,210.0,6238395.85483928,7.0,6.0,13.0,0,0.07438456864494906,0.08493884137714472,0.15932341002209377,0,False,0,True
Elaine Hendrix,34,11,306.99980000000005,5766321.300239399,6.0,7.0,13.0,0,0.10874308427183636,0.0785113131079598,0.18725439737979616,0,False,0,False
Baron Davis,34,11,28.0,6478243.910063148,13.0,4.0,17.0,0,0.009917942485993208,0.0882044911357238,0.098122433621717,0,True,0,True
Jordan Chiles,34,11,325.1666,4216311.244178861,3.0,10.0,13.0,0,0.11517798704164141,0.057407160478309606,0.17258514751995102,0,False,0,False
Andy Richter,34,11,204.0,8573915.920645535,8.0,1.0,9.0,0,0.07225929525509338,0.11673810083721417,0.18899739609230753,0,False,0,True
Robert Irwin,34,11,332.1666,2438646.387622088,1.0,13.0,14.0,0,0.11765747266313971,0.033203375276754696,0.1508608479398944,0,False,0,False
Hilaria Baldwin,34,11,80.0,6338178.314892769,11.0,5.0,16.0,0,0.028336978531409165,0.08629742886404328,0.11463440739545244,0,False,0,True
Lauren Jauregui,34,11,52.0,4886974.406024873,12.0,8.0,20.0,0,0.01841903604541596,0.0665385707393855,0.08495760678480146,0,False,0,True
Scott Hoying,34,11,129.0,6726227.735466197,10.0,3.0,13.0,0,0.04569337788189728,0.09158091342442287,0.13727429130632016,0,False,0,True
Alix Earle,34,11,331.5,3998635.1996523887,2.0,11.0,13.0,0,0.11742135478952673,0.054443393598512156,0.1718647483880389,0,False,0,False
Jen Affleck,34,11,171.0,4376744.5325142,9.0,9.0,18.0,0,0.060570291610887096,0.059591538954221514,0.12016183056510861,0,False,0,False
Whitney Leavitt,34,11,310.5,2371109.1383190155,5.0,14.0,19.0,0,0.10998289792503183,0.032283822263594684,0.14226672018862652,0,False,0,False
Dylan Efron,34,11,318.83320000000003,7991584.875895113,4.0,2.0,6.0,0,0.11293461929375607,0.10880937598711128,0.22174399528086736,0,False,0,True
